{
  "@id": "mip-cmor-tables:miptables/tables/aeday",
  "@type": "dr-table",
  "table:approx_interval": 1.0,
  "table:checksum": "",
  "table:cmor_version": "3.8.0",
  "table:conventions": "CF-1.7 CMIP-6.5",
  "table:data_specs_version": "6.5.0.0",
  "table:generic_levels": [],
  "table:int_missing_value": "-999",
  "table:missing_value": "1e20",
  "table:product": {
    "@id": "mip-cmor-tables:auxillary/product/model-output"
  },
  "table:release": "v6.5.0.2",
  "table:table_date": "2023-11-16",
  "table:table_id": "AEday",
  "table:variable_entry": [
    {
      "@id": "mip-cmor-tables:miptables/variables/table-specific/aeday-cod"
    },
    {
      "@id": "mip-cmor-tables:miptables/variables/table-specific/aeday-maxpblz"
    },
    {
      "@id": "mip-cmor-tables:miptables/variables/table-specific/aeday-minpblz"
    },
    {
      "@id": "mip-cmor-tables:miptables/variables/table-specific/aeday-od550aer"
    },
    {
      "@id": "mip-cmor-tables:miptables/variables/table-specific/aeday-sfo3max"
    },
    {
      "@id": "mip-cmor-tables:miptables/variables/table-specific/aeday-toz"
    },
    {
      "@id": "mip-cmor-tables:miptables/variables/table-specific/aeday-ua10"
    },
    {
      "@id": "mip-cmor-tables:miptables/variables/table-specific/aeday-zg10"
    },
    {
      "@id": "mip-cmor-tables:miptables/variables/table-specific/aeday-zg100"
    },
    {
      "@id": "mip-cmor-tables:miptables/variables/table-specific/aeday-zg500"
    }
  ]
}
