{
  "@id": "mip-cmor-tables:miptables/tables/aemonlev",
  "@type": "dr-table",
  "table:approx_interval": 30.0,
  "table:checksum": "",
  "table:cmor_version": "3.8.0",
  "table:conventions": "CF-1.7 CMIP-6.5",
  "table:data_specs_version": "6.5.0.0",
  "table:generic_levels": [
    "alevel",
    "alevhalf"
  ],
  "table:int_missing_value": "-999",
  "table:missing_value": "1e20",
  "table:product": {
    "@id": "mip-cmor-tables:auxillary/product/model-output"
  },
  "table:release": "v6.5.0.2",
  "table:table_date": "2023-11-16",
  "table:table_id": "AEmonLev",
  "table:variable_entry": [
    {
      "@id": "mip-cmor-tables:miptables/variables/table-specific/aemonlev-airmass"
    },
    {
      "@id": "mip-cmor-tables:miptables/variables/table-specific/aemonlev-aoanh"
    },
    {
      "@id": "mip-cmor-tables:miptables/variables/table-specific/aemonlev-c2h2"
    },
    {
      "@id": "mip-cmor-tables:miptables/variables/table-specific/aemonlev-c2h6"
    },
    {
      "@id": "mip-cmor-tables:miptables/variables/table-specific/aemonlev-c3h6"
    },
    {
      "@id": "mip-cmor-tables:miptables/variables/table-specific/aemonlev-c3h8"
    },
    {
      "@id": "mip-cmor-tables:miptables/variables/table-specific/aemonlev-cdnc"
    },
    {
      "@id": "mip-cmor-tables:miptables/variables/table-specific/aemonlev-ch3coch3"
    },
    {
      "@id": "mip-cmor-tables:miptables/variables/table-specific/aemonlev-ch4"
    },
    {
      "@id": "mip-cmor-tables:miptables/variables/table-specific/aemonlev-cheaqpso4"
    },
    {
      "@id": "mip-cmor-tables:miptables/variables/table-specific/aemonlev-chegpso4"
    },
    {
      "@id": "mip-cmor-tables:miptables/variables/table-specific/aemonlev-co"
    },
    {
      "@id": "mip-cmor-tables:miptables/variables/table-specific/aemonlev-co2"
    },
    {
      "@id": "mip-cmor-tables:miptables/variables/table-specific/aemonlev-dms"
    },
    {
      "@id": "mip-cmor-tables:miptables/variables/table-specific/aemonlev-ec550aer"
    },
    {
      "@id": "mip-cmor-tables:miptables/variables/table-specific/aemonlev-emilnox"
    },
    {
      "@id": "mip-cmor-tables:miptables/variables/table-specific/aemonlev-h2o"
    },
    {
      "@id": "mip-cmor-tables:miptables/variables/table-specific/aemonlev-hcho"
    },
    {
      "@id": "mip-cmor-tables:miptables/variables/table-specific/aemonlev-hcl"
    },
    {
      "@id": "mip-cmor-tables:miptables/variables/table-specific/aemonlev-hno3"
    },
    {
      "@id": "mip-cmor-tables:miptables/variables/table-specific/aemonlev-isop"
    },
    {
      "@id": "mip-cmor-tables:miptables/variables/table-specific/aemonlev-jno2"
    },
    {
      "@id": "mip-cmor-tables:miptables/variables/table-specific/aemonlev-lossch4"
    },
    {
      "@id": "mip-cmor-tables:miptables/variables/table-specific/aemonlev-lossco"
    },
    {
      "@id": "mip-cmor-tables:miptables/variables/table-specific/aemonlev-lossn2o"
    },
    {
      "@id": "mip-cmor-tables:miptables/variables/table-specific/aemonlev-mmraerh2o"
    },
    {
      "@id": "mip-cmor-tables:miptables/variables/table-specific/aemonlev-mmrbc"
    },
    {
      "@id": "mip-cmor-tables:miptables/variables/table-specific/aemonlev-mmrdust"
    },
    {
      "@id": "mip-cmor-tables:miptables/variables/table-specific/aemonlev-mmrnh4"
    },
    {
      "@id": "mip-cmor-tables:miptables/variables/table-specific/aemonlev-mmrno3"
    },
    {
      "@id": "mip-cmor-tables:miptables/variables/table-specific/aemonlev-mmroa"
    },
    {
      "@id": "mip-cmor-tables:miptables/variables/table-specific/aemonlev-mmrpm1"
    },
    {
      "@id": "mip-cmor-tables:miptables/variables/table-specific/aemonlev-mmrpm10"
    },
    {
      "@id": "mip-cmor-tables:miptables/variables/table-specific/aemonlev-mmrpm2p5"
    },
    {
      "@id": "mip-cmor-tables:miptables/variables/table-specific/aemonlev-mmrso4"
    },
    {
      "@id": "mip-cmor-tables:miptables/variables/table-specific/aemonlev-mmrsoa"
    },
    {
      "@id": "mip-cmor-tables:miptables/variables/table-specific/aemonlev-mmrss"
    },
    {
      "@id": "mip-cmor-tables:miptables/variables/table-specific/aemonlev-n2o"
    },
    {
      "@id": "mip-cmor-tables:miptables/variables/table-specific/aemonlev-nh50"
    },
    {
      "@id": "mip-cmor-tables:miptables/variables/table-specific/aemonlev-no"
    },
    {
      "@id": "mip-cmor-tables:miptables/variables/table-specific/aemonlev-no2"
    },
    {
      "@id": "mip-cmor-tables:miptables/variables/table-specific/aemonlev-o3"
    },
    {
      "@id": "mip-cmor-tables:miptables/variables/table-specific/aemonlev-o3loss"
    },
    {
      "@id": "mip-cmor-tables:miptables/variables/table-specific/aemonlev-o3prod"
    },
    {
      "@id": "mip-cmor-tables:miptables/variables/table-specific/aemonlev-o3ste"
    },
    {
      "@id": "mip-cmor-tables:miptables/variables/table-specific/aemonlev-oh"
    },
    {
      "@id": "mip-cmor-tables:miptables/variables/table-specific/aemonlev-pan"
    },
    {
      "@id": "mip-cmor-tables:miptables/variables/table-specific/aemonlev-pfull"
    },
    {
      "@id": "mip-cmor-tables:miptables/variables/table-specific/aemonlev-phalf"
    },
    {
      "@id": "mip-cmor-tables:miptables/variables/table-specific/aemonlev-photo1d"
    },
    {
      "@id": "mip-cmor-tables:miptables/variables/table-specific/aemonlev-so2"
    },
    {
      "@id": "mip-cmor-tables:miptables/variables/table-specific/aemonlev-tntrl"
    },
    {
      "@id": "mip-cmor-tables:miptables/variables/table-specific/aemonlev-tntrs"
    },
    {
      "@id": "mip-cmor-tables:miptables/variables/table-specific/aemonlev-ua"
    },
    {
      "@id": "mip-cmor-tables:miptables/variables/table-specific/aemonlev-va"
    },
    {
      "@id": "mip-cmor-tables:miptables/variables/table-specific/aemonlev-wa"
    }
  ]
}
