{
  "@id": "mip-cmor-tables:miptables/tables/aemon",
  "@type": "dr-table",
  "table:approx_interval": 30.0,
  "table:checksum": "",
  "table:cmor_version": "3.8.0",
  "table:conventions": "CF-1.7 CMIP-6.5",
  "table:data_specs_version": "6.5.0.0",
  "table:generic_levels": [],
  "table:int_missing_value": "-999",
  "table:missing_value": "1e20",
  "table:product": {
    "@id": "mip-cmor-tables:auxillary/product/model-output"
  },
  "table:release": "v6.5.0.2",
  "table:table_date": "2023-11-16",
  "table:table_id": "AEmon",
  "table:variable_entry": [
    {
      "@id": "mip-cmor-tables:miptables/variables/table-specific/aemon-abs550aer"
    },
    {
      "@id": "mip-cmor-tables:miptables/variables/table-specific/aemon-bldep"
    },
    {
      "@id": "mip-cmor-tables:miptables/variables/table-specific/aemon-ccn"
    },
    {
      "@id": "mip-cmor-tables:miptables/variables/table-specific/aemon-chepasoa"
    },
    {
      "@id": "mip-cmor-tables:miptables/variables/table-specific/aemon-chepsoa"
    },
    {
      "@id": "mip-cmor-tables:miptables/variables/table-specific/aemon-cltc"
    },
    {
      "@id": "mip-cmor-tables:miptables/variables/table-specific/aemon-cod"
    },
    {
      "@id": "mip-cmor-tables:miptables/variables/table-specific/aemon-depdust"
    },
    {
      "@id": "mip-cmor-tables:miptables/variables/table-specific/aemon-drybc"
    },
    {
      "@id": "mip-cmor-tables:miptables/variables/table-specific/aemon-drydust"
    },
    {
      "@id": "mip-cmor-tables:miptables/variables/table-specific/aemon-drynh3"
    },
    {
      "@id": "mip-cmor-tables:miptables/variables/table-specific/aemon-drynh4"
    },
    {
      "@id": "mip-cmor-tables:miptables/variables/table-specific/aemon-drynoy"
    },
    {
      "@id": "mip-cmor-tables:miptables/variables/table-specific/aemon-dryo3"
    },
    {
      "@id": "mip-cmor-tables:miptables/variables/table-specific/aemon-dryoa"
    },
    {
      "@id": "mip-cmor-tables:miptables/variables/table-specific/aemon-dryso2"
    },
    {
      "@id": "mip-cmor-tables:miptables/variables/table-specific/aemon-dryso4"
    },
    {
      "@id": "mip-cmor-tables:miptables/variables/table-specific/aemon-dryss"
    },
    {
      "@id": "mip-cmor-tables:miptables/variables/table-specific/aemon-emiaco"
    },
    {
      "@id": "mip-cmor-tables:miptables/variables/table-specific/aemon-emianox"
    },
    {
      "@id": "mip-cmor-tables:miptables/variables/table-specific/aemon-emiaoa"
    },
    {
      "@id": "mip-cmor-tables:miptables/variables/table-specific/aemon-emibc"
    },
    {
      "@id": "mip-cmor-tables:miptables/variables/table-specific/aemon-emibvoc"
    },
    {
      "@id": "mip-cmor-tables:miptables/variables/table-specific/aemon-emico"
    },
    {
      "@id": "mip-cmor-tables:miptables/variables/table-specific/aemon-emidms"
    },
    {
      "@id": "mip-cmor-tables:miptables/variables/table-specific/aemon-emidust"
    },
    {
      "@id": "mip-cmor-tables:miptables/variables/table-specific/aemon-emiisop"
    },
    {
      "@id": "mip-cmor-tables:miptables/variables/table-specific/aemon-eminh3"
    },
    {
      "@id": "mip-cmor-tables:miptables/variables/table-specific/aemon-eminox"
    },
    {
      "@id": "mip-cmor-tables:miptables/variables/table-specific/aemon-emioa"
    },
    {
      "@id": "mip-cmor-tables:miptables/variables/table-specific/aemon-emiso2"
    },
    {
      "@id": "mip-cmor-tables:miptables/variables/table-specific/aemon-emiso4"
    },
    {
      "@id": "mip-cmor-tables:miptables/variables/table-specific/aemon-emiss"
    },
    {
      "@id": "mip-cmor-tables:miptables/variables/table-specific/aemon-emivoc"
    },
    {
      "@id": "mip-cmor-tables:miptables/variables/table-specific/aemon-lwp"
    },
    {
      "@id": "mip-cmor-tables:miptables/variables/table-specific/aemon-mmrno3"
    },
    {
      "@id": "mip-cmor-tables:miptables/variables/table-specific/aemon-od440aer"
    },
    {
      "@id": "mip-cmor-tables:miptables/variables/table-specific/aemon-od550aer"
    },
    {
      "@id": "mip-cmor-tables:miptables/variables/table-specific/aemon-od550aerh2o"
    },
    {
      "@id": "mip-cmor-tables:miptables/variables/table-specific/aemon-od550bb"
    },
    {
      "@id": "mip-cmor-tables:miptables/variables/table-specific/aemon-od550bc"
    },
    {
      "@id": "mip-cmor-tables:miptables/variables/table-specific/aemon-od550csaer"
    },
    {
      "@id": "mip-cmor-tables:miptables/variables/table-specific/aemon-od550dust"
    },
    {
      "@id": "mip-cmor-tables:miptables/variables/table-specific/aemon-od550lt1aer"
    },
    {
      "@id": "mip-cmor-tables:miptables/variables/table-specific/aemon-od550no3"
    },
    {
      "@id": "mip-cmor-tables:miptables/variables/table-specific/aemon-od550oa"
    },
    {
      "@id": "mip-cmor-tables:miptables/variables/table-specific/aemon-od550so4"
    },
    {
      "@id": "mip-cmor-tables:miptables/variables/table-specific/aemon-od550soa"
    },
    {
      "@id": "mip-cmor-tables:miptables/variables/table-specific/aemon-od550ss"
    },
    {
      "@id": "mip-cmor-tables:miptables/variables/table-specific/aemon-od870aer"
    },
    {
      "@id": "mip-cmor-tables:miptables/variables/table-specific/aemon-pod0"
    },
    {
      "@id": "mip-cmor-tables:miptables/variables/table-specific/aemon-ptp"
    },
    {
      "@id": "mip-cmor-tables:miptables/variables/table-specific/aemon-reffclwtop"
    },
    {
      "@id": "mip-cmor-tables:miptables/variables/table-specific/aemon-rlutaf"
    },
    {
      "@id": "mip-cmor-tables:miptables/variables/table-specific/aemon-rlutcsaf"
    },
    {
      "@id": "mip-cmor-tables:miptables/variables/table-specific/aemon-rsutaf"
    },
    {
      "@id": "mip-cmor-tables:miptables/variables/table-specific/aemon-rsutcsaf"
    },
    {
      "@id": "mip-cmor-tables:miptables/variables/table-specific/aemon-sedustci"
    },
    {
      "@id": "mip-cmor-tables:miptables/variables/table-specific/aemon-tatp"
    },
    {
      "@id": "mip-cmor-tables:miptables/variables/table-specific/aemon-tntrl27"
    },
    {
      "@id": "mip-cmor-tables:miptables/variables/table-specific/aemon-tntrs27"
    },
    {
      "@id": "mip-cmor-tables:miptables/variables/table-specific/aemon-toz"
    },
    {
      "@id": "mip-cmor-tables:miptables/variables/table-specific/aemon-tropoz"
    },
    {
      "@id": "mip-cmor-tables:miptables/variables/table-specific/aemon-ttop"
    },
    {
      "@id": "mip-cmor-tables:miptables/variables/table-specific/aemon-wetbc"
    },
    {
      "@id": "mip-cmor-tables:miptables/variables/table-specific/aemon-wetdust"
    },
    {
      "@id": "mip-cmor-tables:miptables/variables/table-specific/aemon-wetnh3"
    },
    {
      "@id": "mip-cmor-tables:miptables/variables/table-specific/aemon-wetnh4"
    },
    {
      "@id": "mip-cmor-tables:miptables/variables/table-specific/aemon-wetnoy"
    },
    {
      "@id": "mip-cmor-tables:miptables/variables/table-specific/aemon-wetoa"
    },
    {
      "@id": "mip-cmor-tables:miptables/variables/table-specific/aemon-wetso2"
    },
    {
      "@id": "mip-cmor-tables:miptables/variables/table-specific/aemon-wetso4"
    },
    {
      "@id": "mip-cmor-tables:miptables/variables/table-specific/aemon-wetss"
    },
    {
      "@id": "mip-cmor-tables:miptables/variables/table-specific/aemon-ztp"
    }
  ]
}
