{
  "@id": "mip-cmor-tables:miptables/tables/ap1hrpt",
  "@type": "dr-table",
  "table:approx_interval": 0.041667,
  "table:checksum": "",
  "table:cmor_version": "3.8.0",
  "table:conventions": "CF-1.7 CMIP-6.5",
  "table:data_specs_version": "6.5.0.0",
  "table:generic_levels": [],
  "table:int_missing_value": "-999",
  "table:missing_value": "1e20",
  "table:product": {
    "@id": "mip-cmor-tables:auxillary/product/model-output"
  },
  "table:release": "v6.5.0.2",
  "table:table_date": "2023-11-16",
  "table:table_id": "AP1hrPt",
  "table:variable_entry": [
    {
      "@id": "mip-cmor-tables:miptables/variables/table-specific/ap1hrpt-psl"
    },
    {
      "@id": "mip-cmor-tables:miptables/variables/table-specific/ap1hrpt-rlut"
    },
    {
      "@id": "mip-cmor-tables:miptables/variables/table-specific/ap1hrpt-ta"
    },
    {
      "@id": "mip-cmor-tables:miptables/variables/table-specific/ap1hrpt-ta27"
    },
    {
      "@id": "mip-cmor-tables:miptables/variables/table-specific/ap1hrpt-tntr27"
    },
    {
      "@id": "mip-cmor-tables:miptables/variables/table-specific/ap1hrpt-ua"
    },
    {
      "@id": "mip-cmor-tables:miptables/variables/table-specific/ap1hrpt-ua27"
    },
    {
      "@id": "mip-cmor-tables:miptables/variables/table-specific/ap1hrpt-utendnogw27"
    },
    {
      "@id": "mip-cmor-tables:miptables/variables/table-specific/ap1hrpt-va"
    },
    {
      "@id": "mip-cmor-tables:miptables/variables/table-specific/ap1hrpt-va27"
    },
    {
      "@id": "mip-cmor-tables:miptables/variables/table-specific/ap1hrpt-vtendnogw27"
    },
    {
      "@id": "mip-cmor-tables:miptables/variables/table-specific/ap1hrpt-wap"
    },
    {
      "@id": "mip-cmor-tables:miptables/variables/table-specific/ap1hrpt-wap27"
    },
    {
      "@id": "mip-cmor-tables:miptables/variables/table-specific/ap1hrpt-zg27"
    }
  ]
}
