{
  "@id": "mip-cmor-tables:miptables/tables/apday",
  "@type": "dr-table",
  "table:approx_interval": 1.0,
  "table:checksum": "",
  "table:cmor_version": "3.8.0",
  "table:conventions": "CF-1.7 CMIP-6.5",
  "table:data_specs_version": "6.5.0.0",
  "table:generic_levels": [],
  "table:int_missing_value": "-999",
  "table:missing_value": "1e20",
  "table:product": {
    "@id": "mip-cmor-tables:auxillary/product/model-output"
  },
  "table:release": "v6.5.0.2",
  "table:table_date": "2024-02-28",
  "table:table_id": "APday",
  "table:variable_entry": [
    {
      "@id": "mip-cmor-tables:miptables/variables/table-specific/apday-albisccp"
    },
    {
      "@id": "mip-cmor-tables:miptables/variables/table-specific/apday-aod550volso4"
    },
    {
      "@id": "mip-cmor-tables:miptables/variables/table-specific/apday-ccb"
    },
    {
      "@id": "mip-cmor-tables:miptables/variables/table-specific/apday-ccldncl"
    },
    {
      "@id": "mip-cmor-tables:miptables/variables/table-specific/apday-cct"
    },
    {
      "@id": "mip-cmor-tables:miptables/variables/table-specific/apday-clcalipso"
    },
    {
      "@id": "mip-cmor-tables:miptables/variables/table-specific/apday-cldnci"
    },
    {
      "@id": "mip-cmor-tables:miptables/variables/table-specific/apday-cldnvi"
    },
    {
      "@id": "mip-cmor-tables:miptables/variables/table-specific/apday-clhcalipso"
    },
    {
      "@id": "mip-cmor-tables:miptables/variables/table-specific/apday-clisccp"
    },
    {
      "@id": "mip-cmor-tables:miptables/variables/table-specific/apday-clivi"
    },
    {
      "@id": "mip-cmor-tables:miptables/variables/table-specific/apday-clivic"
    },
    {
      "@id": "mip-cmor-tables:miptables/variables/table-specific/apday-cllcalipso"
    },
    {
      "@id": "mip-cmor-tables:miptables/variables/table-specific/apday-clmcalipso"
    },
    {
      "@id": "mip-cmor-tables:miptables/variables/table-specific/apday-clt"
    },
    {
      "@id": "mip-cmor-tables:miptables/variables/table-specific/apday-cltcalipso"
    },
    {
      "@id": "mip-cmor-tables:miptables/variables/table-specific/apday-cltisccp"
    },
    {
      "@id": "mip-cmor-tables:miptables/variables/table-specific/apday-clwvi"
    },
    {
      "@id": "mip-cmor-tables:miptables/variables/table-specific/apday-clwvic"
    },
    {
      "@id": "mip-cmor-tables:miptables/variables/table-specific/apday-hfdsl"
    },
    {
      "@id": "mip-cmor-tables:miptables/variables/table-specific/apday-hfdsnb"
    },
    {
      "@id": "mip-cmor-tables:miptables/variables/table-specific/apday-hfls"
    },
    {
      "@id": "mip-cmor-tables:miptables/variables/table-specific/apday-hfmlt"
    },
    {
      "@id": "mip-cmor-tables:miptables/variables/table-specific/apday-hfrs"
    },
    {
      "@id": "mip-cmor-tables:miptables/variables/table-specific/apday-hfsbl"
    },
    {
      "@id": "mip-cmor-tables:miptables/variables/table-specific/apday-hfss"
    },
    {
      "@id": "mip-cmor-tables:miptables/variables/table-specific/apday-hur"
    },
    {
      "@id": "mip-cmor-tables:miptables/variables/table-specific/apday-hurs"
    },
    {
      "@id": "mip-cmor-tables:miptables/variables/table-specific/apday-hursmax"
    },
    {
      "@id": "mip-cmor-tables:miptables/variables/table-specific/apday-hursmin"
    },
    {
      "@id": "mip-cmor-tables:miptables/variables/table-specific/apday-hursmincrop"
    },
    {
      "@id": "mip-cmor-tables:miptables/variables/table-specific/apday-hus19"
    },
    {
      "@id": "mip-cmor-tables:miptables/variables/table-specific/apday-hus8"
    },
    {
      "@id": "mip-cmor-tables:miptables/variables/table-specific/apday-hus850"
    },
    {
      "@id": "mip-cmor-tables:miptables/variables/table-specific/apday-huss"
    },
    {
      "@id": "mip-cmor-tables:miptables/variables/table-specific/apday-jpdftaureicemodis"
    },
    {
      "@id": "mip-cmor-tables:miptables/variables/table-specific/apday-jpdftaureliqmodis"
    },
    {
      "@id": "mip-cmor-tables:miptables/variables/table-specific/apday-loadbc"
    },
    {
      "@id": "mip-cmor-tables:miptables/variables/table-specific/apday-loaddust"
    },
    {
      "@id": "mip-cmor-tables:miptables/variables/table-specific/apday-loadnh4"
    },
    {
      "@id": "mip-cmor-tables:miptables/variables/table-specific/apday-loadno3"
    },
    {
      "@id": "mip-cmor-tables:miptables/variables/table-specific/apday-loadoa"
    },
    {
      "@id": "mip-cmor-tables:miptables/variables/table-specific/apday-loadpoa"
    },
    {
      "@id": "mip-cmor-tables:miptables/variables/table-specific/apday-loadso4"
    },
    {
      "@id": "mip-cmor-tables:miptables/variables/table-specific/apday-loadsoa"
    },
    {
      "@id": "mip-cmor-tables:miptables/variables/table-specific/apday-loadss"
    },
    {
      "@id": "mip-cmor-tables:miptables/variables/table-specific/apday-parasolrefl"
    },
    {
      "@id": "mip-cmor-tables:miptables/variables/table-specific/apday-pctisccp"
    },
    {
      "@id": "mip-cmor-tables:miptables/variables/table-specific/apday-pr"
    },
    {
      "@id": "mip-cmor-tables:miptables/variables/table-specific/apday-prcrop"
    },
    {
      "@id": "mip-cmor-tables:miptables/variables/table-specific/apday-prc"
    },
    {
      "@id": "mip-cmor-tables:miptables/variables/table-specific/apday-prhmax"
    },
    {
      "@id": "mip-cmor-tables:miptables/variables/table-specific/apday-prra"
    },
    {
      "@id": "mip-cmor-tables:miptables/variables/table-specific/apday-prrc"
    },
    {
      "@id": "mip-cmor-tables:miptables/variables/table-specific/apday-prrsn"
    },
    {
      "@id": "mip-cmor-tables:miptables/variables/table-specific/apday-prsn"
    },
    {
      "@id": "mip-cmor-tables:miptables/variables/table-specific/apday-prsnc"
    },
    {
      "@id": "mip-cmor-tables:miptables/variables/table-specific/apday-prsnsn"
    },
    {
      "@id": "mip-cmor-tables:miptables/variables/table-specific/apday-prw"
    },
    {
      "@id": "mip-cmor-tables:miptables/variables/table-specific/apday-ps"
    },
    {
      "@id": "mip-cmor-tables:miptables/variables/table-specific/apday-psl"
    },
    {
      "@id": "mip-cmor-tables:miptables/variables/table-specific/apday-reffcclwtop"
    },
    {
      "@id": "mip-cmor-tables:miptables/variables/table-specific/apday-reffsclwtop"
    },
    {
      "@id": "mip-cmor-tables:miptables/variables/table-specific/apday-rlds"
    },
    {
      "@id": "mip-cmor-tables:miptables/variables/table-specific/apday-rldscs"
    },
    {
      "@id": "mip-cmor-tables:miptables/variables/table-specific/apday-rls"
    },
    {
      "@id": "mip-cmor-tables:miptables/variables/table-specific/apday-rlus"
    },
    {
      "@id": "mip-cmor-tables:miptables/variables/table-specific/apday-rlut"
    },
    {
      "@id": "mip-cmor-tables:miptables/variables/table-specific/apday-rlutcs"
    },
    {
      "@id": "mip-cmor-tables:miptables/variables/table-specific/apday-rsds"
    },
    {
      "@id": "mip-cmor-tables:miptables/variables/table-specific/apday-rsdscs"
    },
    {
      "@id": "mip-cmor-tables:miptables/variables/table-specific/apday-rsdscsdiff"
    },
    {
      "@id": "mip-cmor-tables:miptables/variables/table-specific/apday-rsdsdiff"
    },
    {
      "@id": "mip-cmor-tables:miptables/variables/table-specific/apday-rsdt"
    },
    {
      "@id": "mip-cmor-tables:miptables/variables/table-specific/apday-rss"
    },
    {
      "@id": "mip-cmor-tables:miptables/variables/table-specific/apday-rsus"
    },
    {
      "@id": "mip-cmor-tables:miptables/variables/table-specific/apday-rsuscs"
    },
    {
      "@id": "mip-cmor-tables:miptables/variables/table-specific/apday-rsut"
    },
    {
      "@id": "mip-cmor-tables:miptables/variables/table-specific/apday-rsutcs"
    },
    {
      "@id": "mip-cmor-tables:miptables/variables/table-specific/apday-sblnosn"
    },
    {
      "@id": "mip-cmor-tables:miptables/variables/table-specific/apday-scldncl"
    },
    {
      "@id": "mip-cmor-tables:miptables/variables/table-specific/apday-sfcwind"
    },
    {
      "@id": "mip-cmor-tables:miptables/variables/table-specific/apday-sfcwindmax"
    },
    {
      "@id": "mip-cmor-tables:miptables/variables/table-specific/apday-snmsl"
    },
    {
      "@id": "mip-cmor-tables:miptables/variables/table-specific/apday-snrefr"
    },
    {
      "@id": "mip-cmor-tables:miptables/variables/table-specific/apday-snwc"
    },
    {
      "@id": "mip-cmor-tables:miptables/variables/table-specific/apday-ta19"
    },
    {
      "@id": "mip-cmor-tables:miptables/variables/table-specific/apday-ta500"
    },
    {
      "@id": "mip-cmor-tables:miptables/variables/table-specific/apday-ta700"
    },
    {
      "@id": "mip-cmor-tables:miptables/variables/table-specific/apday-ta8"
    },
    {
      "@id": "mip-cmor-tables:miptables/variables/table-specific/apday-ta850"
    },
    {
      "@id": "mip-cmor-tables:miptables/variables/table-specific/apday-tas"
    },
    {
      "@id": "mip-cmor-tables:miptables/variables/table-specific/apday-tasmax"
    },
    {
      "@id": "mip-cmor-tables:miptables/variables/table-specific/apday-tasmaxcrop"
    },
    {
      "@id": "mip-cmor-tables:miptables/variables/table-specific/apday-tasmin"
    },
    {
      "@id": "mip-cmor-tables:miptables/variables/table-specific/apday-tasmincrop"
    },
    {
      "@id": "mip-cmor-tables:miptables/variables/table-specific/apday-tau"
    },
    {
      "@id": "mip-cmor-tables:miptables/variables/table-specific/apday-tauu"
    },
    {
      "@id": "mip-cmor-tables:miptables/variables/table-specific/apday-tauupbl"
    },
    {
      "@id": "mip-cmor-tables:miptables/variables/table-specific/apday-tauv"
    },
    {
      "@id": "mip-cmor-tables:miptables/variables/table-specific/apday-tauvpbl"
    },
    {
      "@id": "mip-cmor-tables:miptables/variables/table-specific/apday-tdps"
    },
    {
      "@id": "mip-cmor-tables:miptables/variables/table-specific/apday-tr"
    },
    {
      "@id": "mip-cmor-tables:miptables/variables/table-specific/apday-ts"
    },
    {
      "@id": "mip-cmor-tables:miptables/variables/table-specific/apday-tsland"
    },
    {
      "@id": "mip-cmor-tables:miptables/variables/table-specific/apday-tsns"
    },
    {
      "@id": "mip-cmor-tables:miptables/variables/table-specific/apday-ua19"
    },
    {
      "@id": "mip-cmor-tables:miptables/variables/table-specific/apday-ua8"
    },
    {
      "@id": "mip-cmor-tables:miptables/variables/table-specific/apday-uas"
    },
    {
      "@id": "mip-cmor-tables:miptables/variables/table-specific/apday-va19"
    },
    {
      "@id": "mip-cmor-tables:miptables/variables/table-specific/apday-va8"
    },
    {
      "@id": "mip-cmor-tables:miptables/variables/table-specific/apday-vas"
    },
    {
      "@id": "mip-cmor-tables:miptables/variables/table-specific/apday-wap19"
    },
    {
      "@id": "mip-cmor-tables:miptables/variables/table-specific/apday-wap500"
    },
    {
      "@id": "mip-cmor-tables:miptables/variables/table-specific/apday-wap8"
    },
    {
      "@id": "mip-cmor-tables:miptables/variables/table-specific/apday-zg1000"
    },
    {
      "@id": "mip-cmor-tables:miptables/variables/table-specific/apday-zg19"
    },
    {
      "@id": "mip-cmor-tables:miptables/variables/table-specific/apday-zg8"
    },
    {
      "@id": "mip-cmor-tables:miptables/variables/table-specific/apday-zmla"
    }
  ]
}
