{
  "@id": "mip-cmor-tables:miptables/tables/apdaylev",
  "@type": "dr-table",
  "table:approx_interval": 1.0,
  "table:checksum": "",
  "table:cmor_version": "3.8.0",
  "table:conventions": "CF-1.7 CMIP-6.5",
  "table:data_specs_version": "6.5.0.0",
  "table:generic_levels": [
    "alevel",
    "alevhalf"
  ],
  "table:int_missing_value": "-999",
  "table:missing_value": "1e20",
  "table:product": {
    "@id": "mip-cmor-tables:auxillary/product/model-output"
  },
  "table:release": "v6.5.0.2",
  "table:table_date": "2023-11-16",
  "table:table_id": "APdayLev",
  "table:variable_entry": [
    {
      "@id": "mip-cmor-tables:miptables/variables/table-specific/apdaylev-cl"
    },
    {
      "@id": "mip-cmor-tables:miptables/variables/table-specific/apdaylev-cli"
    },
    {
      "@id": "mip-cmor-tables:miptables/variables/table-specific/apdaylev-clw"
    },
    {
      "@id": "mip-cmor-tables:miptables/variables/table-specific/apdaylev-hur"
    },
    {
      "@id": "mip-cmor-tables:miptables/variables/table-specific/apdaylev-hus"
    },
    {
      "@id": "mip-cmor-tables:miptables/variables/table-specific/apdaylev-mc"
    },
    {
      "@id": "mip-cmor-tables:miptables/variables/table-specific/apdaylev-pfull"
    },
    {
      "@id": "mip-cmor-tables:miptables/variables/table-specific/apdaylev-phalf"
    },
    {
      "@id": "mip-cmor-tables:miptables/variables/table-specific/apdaylev-ta"
    },
    {
      "@id": "mip-cmor-tables:miptables/variables/table-specific/apdaylev-ua"
    },
    {
      "@id": "mip-cmor-tables:miptables/variables/table-specific/apdaylev-va"
    },
    {
      "@id": "mip-cmor-tables:miptables/variables/table-specific/apdaylev-wap"
    },
    {
      "@id": "mip-cmor-tables:miptables/variables/table-specific/apdaylev-zg"
    }
  ]
}
