{
  "@id": "mip-cmor-tables:miptables/tables/apmonclim",
  "@type": "dr-table",
  "table:approx_interval": 30.0,
  "table:checksum": "",
  "table:cmor_version": "3.8.0",
  "table:conventions": "CF-1.7 CMIP-6.5",
  "table:data_specs_version": "6.5.0.0",
  "table:generic_levels": [],
  "table:int_missing_value": "-999",
  "table:missing_value": "1e20",
  "table:product": {
    "@id": "mip-cmor-tables:auxillary/product/model-output"
  },
  "table:release": "v6.5.0.2",
  "table:table_date": "2023-11-16",
  "table:table_id": "APmonClim",
  "table:variable_entry": [
    {
      "@id": "mip-cmor-tables:miptables/variables/table-specific/apmonclim-ch4clim"
    },
    {
      "@id": "mip-cmor-tables:miptables/variables/table-specific/apmonclim-ch4globalclim"
    },
    {
      "@id": "mip-cmor-tables:miptables/variables/table-specific/apmonclim-co2clim"
    },
    {
      "@id": "mip-cmor-tables:miptables/variables/table-specific/apmonclim-co2massclim"
    },
    {
      "@id": "mip-cmor-tables:miptables/variables/table-specific/apmonclim-n2oclim"
    },
    {
      "@id": "mip-cmor-tables:miptables/variables/table-specific/apmonclim-n2oglobalclim"
    },
    {
      "@id": "mip-cmor-tables:miptables/variables/table-specific/apmonclim-o3clim"
    }
  ]
}
