{
  "@context": {
    "@vocab": "table:"
  },
  "@id": "mip-cmor-tables:miptables/tables/apmonclimlev",
  "@type": "dr-table",
  "approx_interval": 30.0,
  "checksum": "",
  "cmor_version": "3.8.0",
  "conventions": "CF-1.7 CMIP-6.5",
  "data_specs_version": "6.5.0.0",
  "generic_levels": [
    "alevel",
    "alevhalf"
  ],
  "int_missing_value": "-999",
  "missing_value": "1e20",
  "product": {
    "@id": "mip-cmor-tables:auxillary/product/model-output"
  },
  "release": "v6.5.0.2",
  "table_date": "2023-11-16",
  "table_id": "APmonClimLev",
  "variable_entry": [
    {
      "@id": "mip-cmor-tables:miptables/variables/table-specific/apmonclimlev-pfull"
    },
    {
      "@id": "mip-cmor-tables:miptables/variables/table-specific/apmonclimlev-phalf"
    }
  ]
}
