{
  "@id": "mip-cmor-tables:miptables/tables/giamon",
  "@type": "dr-table",
  "table:approx_interval": 30.0,
  "table:checksum": "",
  "table:cmor_version": "3.8.0",
  "table:conventions": "CF-1.7 CMIP-6.5",
  "table:data_specs_version": "6.5.0.0",
  "table:generic_levels": [],
  "table:int_missing_value": "-999",
  "table:missing_value": "1e20",
  "table:product": {
    "@id": "mip-cmor-tables:auxillary/product/model-output"
  },
  "table:release": "v6.5.0.2",
  "table:table_date": "2024-02-28",
  "table:table_id": "GIAmon",
  "table:variable_entry": [
    {
      "@id": "mip-cmor-tables:miptables/variables/table-specific/giamon-acabf"
    },
    {
      "@id": "mip-cmor-tables:miptables/variables/table-specific/giamon-hfls"
    },
    {
      "@id": "mip-cmor-tables:miptables/variables/table-specific/giamon-hfss"
    },
    {
      "@id": "mip-cmor-tables:miptables/variables/table-specific/giamon-icem"
    },
    {
      "@id": "mip-cmor-tables:miptables/variables/table-specific/giamon-libmassbffl"
    },
    {
      "@id": "mip-cmor-tables:miptables/variables/table-specific/giamon-libmassbfgr"
    },
    {
      "@id": "mip-cmor-tables:miptables/variables/table-specific/giamon-licalvf"
    },
    {
      "@id": "mip-cmor-tables:miptables/variables/table-specific/giamon-lifmassbf"
    },
    {
      "@id": "mip-cmor-tables:miptables/variables/table-specific/giamon-litempbotfl"
    },
    {
      "@id": "mip-cmor-tables:miptables/variables/table-specific/giamon-litempbotgr"
    },
    {
      "@id": "mip-cmor-tables:miptables/variables/table-specific/giamon-litemptop"
    },
    {
      "@id": "mip-cmor-tables:miptables/variables/table-specific/giamon-mrroli"
    },
    {
      "@id": "mip-cmor-tables:miptables/variables/table-specific/giamon-orog"
    },
    {
      "@id": "mip-cmor-tables:miptables/variables/table-specific/giamon-prra"
    },
    {
      "@id": "mip-cmor-tables:miptables/variables/table-specific/giamon-prsn"
    },
    {
      "@id": "mip-cmor-tables:miptables/variables/table-specific/giamon-rlds"
    },
    {
      "@id": "mip-cmor-tables:miptables/variables/table-specific/giamon-rlus"
    },
    {
      "@id": "mip-cmor-tables:miptables/variables/table-specific/giamon-rsds"
    },
    {
      "@id": "mip-cmor-tables:miptables/variables/table-specific/giamon-rsus"
    },
    {
      "@id": "mip-cmor-tables:miptables/variables/table-specific/giamon-sbl"
    },
    {
      "@id": "mip-cmor-tables:miptables/variables/table-specific/giamon-snc"
    },
    {
      "@id": "mip-cmor-tables:miptables/variables/table-specific/giamon-snicefreez"
    },
    {
      "@id": "mip-cmor-tables:miptables/variables/table-specific/giamon-snicem"
    },
    {
      "@id": "mip-cmor-tables:miptables/variables/table-specific/giamon-snm"
    },
    {
      "@id": "mip-cmor-tables:miptables/variables/table-specific/giamon-tas"
    },
    {
      "@id": "mip-cmor-tables:miptables/variables/table-specific/giamon-ts"
    },
    {
      "@id": "mip-cmor-tables:miptables/variables/table-specific/giamon-tsn"
    }
  ]
}
