{
  "@id": "mip-cmor-tables:miptables/tables/giayr",
  "@type": "dr-table",
  "table:approx_interval": 365.0,
  "table:checksum": "",
  "table:cmor_version": "3.8.0",
  "table:conventions": "CF-1.7 CMIP-6.5",
  "table:data_specs_version": "6.5.0.0",
  "table:generic_levels": [],
  "table:int_missing_value": "-999",
  "table:missing_value": "1e20",
  "table:product": {
    "@id": "mip-cmor-tables:auxillary/product/model-output"
  },
  "table:release": "v6.5.0.2",
  "table:table_date": "2023-11-16",
  "table:table_id": "GIAyr",
  "table:variable_entry": [
    {
      "@id": "mip-cmor-tables:miptables/variables/table-specific/giayr-acabf"
    },
    {
      "@id": "mip-cmor-tables:miptables/variables/table-specific/giayr-hfgeoubed"
    },
    {
      "@id": "mip-cmor-tables:miptables/variables/table-specific/giayr-iareafl"
    },
    {
      "@id": "mip-cmor-tables:miptables/variables/table-specific/giayr-iareagr"
    },
    {
      "@id": "mip-cmor-tables:miptables/variables/table-specific/giayr-libmassbffl"
    },
    {
      "@id": "mip-cmor-tables:miptables/variables/table-specific/giayr-libmassbfgr"
    },
    {
      "@id": "mip-cmor-tables:miptables/variables/table-specific/giayr-licalvf"
    },
    {
      "@id": "mip-cmor-tables:miptables/variables/table-specific/giayr-lifmassbf"
    },
    {
      "@id": "mip-cmor-tables:miptables/variables/table-specific/giayr-lim"
    },
    {
      "@id": "mip-cmor-tables:miptables/variables/table-specific/giayr-limnsw"
    },
    {
      "@id": "mip-cmor-tables:miptables/variables/table-specific/giayr-litempbotfl"
    },
    {
      "@id": "mip-cmor-tables:miptables/variables/table-specific/giayr-litempbotgr"
    },
    {
      "@id": "mip-cmor-tables:miptables/variables/table-specific/giayr-litemptop"
    },
    {
      "@id": "mip-cmor-tables:miptables/variables/table-specific/giayr-lithk"
    },
    {
      "@id": "mip-cmor-tables:miptables/variables/table-specific/giayr-modelcellareai"
    },
    {
      "@id": "mip-cmor-tables:miptables/variables/table-specific/giayr-orog"
    },
    {
      "@id": "mip-cmor-tables:miptables/variables/table-specific/giayr-sftflf"
    },
    {
      "@id": "mip-cmor-tables:miptables/variables/table-specific/giayr-sftgif"
    },
    {
      "@id": "mip-cmor-tables:miptables/variables/table-specific/giayr-sftgrf"
    },
    {
      "@id": "mip-cmor-tables:miptables/variables/table-specific/giayr-snc"
    },
    {
      "@id": "mip-cmor-tables:miptables/variables/table-specific/giayr-strbasemag"
    },
    {
      "@id": "mip-cmor-tables:miptables/variables/table-specific/giayr-tendacabf"
    },
    {
      "@id": "mip-cmor-tables:miptables/variables/table-specific/giayr-tendlibmassbf"
    },
    {
      "@id": "mip-cmor-tables:miptables/variables/table-specific/giayr-tendlicalvf"
    },
    {
      "@id": "mip-cmor-tables:miptables/variables/table-specific/giayr-topg"
    },
    {
      "@id": "mip-cmor-tables:miptables/variables/table-specific/giayr-xvelbase"
    },
    {
      "@id": "mip-cmor-tables:miptables/variables/table-specific/giayr-xvelmean"
    },
    {
      "@id": "mip-cmor-tables:miptables/variables/table-specific/giayr-xvelsurf"
    },
    {
      "@id": "mip-cmor-tables:miptables/variables/table-specific/giayr-yvelbase"
    },
    {
      "@id": "mip-cmor-tables:miptables/variables/table-specific/giayr-yvelmean"
    },
    {
      "@id": "mip-cmor-tables:miptables/variables/table-specific/giayr-yvelsurf"
    },
    {
      "@id": "mip-cmor-tables:miptables/variables/table-specific/giayr-zvelbase"
    },
    {
      "@id": "mip-cmor-tables:miptables/variables/table-specific/giayr-zvelsurf"
    }
  ]
}
