{
  "@id": "mip-cmor-tables:miptables/tables/gigmon",
  "@type": "dr-table",
  "table:approx_interval": 30.0,
  "table:checksum": "",
  "table:cmor_version": "3.8.0",
  "table:conventions": "CF-1.7 CMIP-6.5",
  "table:data_specs_version": "6.5.0.0",
  "table:generic_levels": [],
  "table:int_missing_value": "-999",
  "table:missing_value": "1e20",
  "table:product": {
    "@id": "mip-cmor-tables:auxillary/product/model-output"
  },
  "table:release": "v6.5.0.2",
  "table:table_date": "2024-02-28",
  "table:table_id": "GIGmon",
  "table:variable_entry": [
    {
      "@id": "mip-cmor-tables:miptables/variables/table-specific/gigmon-acabf"
    },
    {
      "@id": "mip-cmor-tables:miptables/variables/table-specific/gigmon-hfls"
    },
    {
      "@id": "mip-cmor-tables:miptables/variables/table-specific/gigmon-hfss"
    },
    {
      "@id": "mip-cmor-tables:miptables/variables/table-specific/gigmon-icem"
    },
    {
      "@id": "mip-cmor-tables:miptables/variables/table-specific/gigmon-libmassbffl"
    },
    {
      "@id": "mip-cmor-tables:miptables/variables/table-specific/gigmon-libmassbfgr"
    },
    {
      "@id": "mip-cmor-tables:miptables/variables/table-specific/gigmon-licalvf"
    },
    {
      "@id": "mip-cmor-tables:miptables/variables/table-specific/gigmon-lifmassbf"
    },
    {
      "@id": "mip-cmor-tables:miptables/variables/table-specific/gigmon-litempbotfl"
    },
    {
      "@id": "mip-cmor-tables:miptables/variables/table-specific/gigmon-litempbotgr"
    },
    {
      "@id": "mip-cmor-tables:miptables/variables/table-specific/gigmon-litemptop"
    },
    {
      "@id": "mip-cmor-tables:miptables/variables/table-specific/gigmon-mrroli"
    },
    {
      "@id": "mip-cmor-tables:miptables/variables/table-specific/gigmon-orog"
    },
    {
      "@id": "mip-cmor-tables:miptables/variables/table-specific/gigmon-prra"
    },
    {
      "@id": "mip-cmor-tables:miptables/variables/table-specific/gigmon-prsn"
    },
    {
      "@id": "mip-cmor-tables:miptables/variables/table-specific/gigmon-rlds"
    },
    {
      "@id": "mip-cmor-tables:miptables/variables/table-specific/gigmon-rlus"
    },
    {
      "@id": "mip-cmor-tables:miptables/variables/table-specific/gigmon-rsds"
    },
    {
      "@id": "mip-cmor-tables:miptables/variables/table-specific/gigmon-rsus"
    },
    {
      "@id": "mip-cmor-tables:miptables/variables/table-specific/gigmon-sbl"
    },
    {
      "@id": "mip-cmor-tables:miptables/variables/table-specific/gigmon-snc"
    },
    {
      "@id": "mip-cmor-tables:miptables/variables/table-specific/gigmon-snicefreez"
    },
    {
      "@id": "mip-cmor-tables:miptables/variables/table-specific/gigmon-snicem"
    },
    {
      "@id": "mip-cmor-tables:miptables/variables/table-specific/gigmon-snm"
    },
    {
      "@id": "mip-cmor-tables:miptables/variables/table-specific/gigmon-tas"
    },
    {
      "@id": "mip-cmor-tables:miptables/variables/table-specific/gigmon-ts"
    },
    {
      "@id": "mip-cmor-tables:miptables/variables/table-specific/gigmon-tsn"
    }
  ]
}
