{
  "@id": "mip-cmor-tables:miptables/tables/lpfx",
  "@type": "dr-table",
  "table:approx_interval": 0.0,
  "table:checksum": "",
  "table:cmor_version": "3.8.0",
  "table:conventions": "CF-1.7 CMIP-6.5",
  "table:data_specs_version": "6.5.0.0",
  "table:generic_levels": [],
  "table:int_missing_value": "-999",
  "table:missing_value": "1e20",
  "table:product": {
    "@id": "mip-cmor-tables:auxillary/product/model-output"
  },
  "table:release": "v6.5.0.2",
  "table:table_date": "2024-02-28",
  "table:table_id": "LPfx",
  "table:variable_entry": [
    {
      "@id": "mip-cmor-tables:miptables/variables/table-specific/lpfx-areacellr"
    },
    {
      "@id": "mip-cmor-tables:miptables/variables/table-specific/lpfx-clayfrac"
    },
    {
      "@id": "mip-cmor-tables:miptables/variables/table-specific/lpfx-fldcapacity"
    },
    {
      "@id": "mip-cmor-tables:miptables/variables/table-specific/lpfx-ksat"
    },
    {
      "@id": "mip-cmor-tables:miptables/variables/table-specific/lpfx-mrsofc"
    },
    {
      "@id": "mip-cmor-tables:miptables/variables/table-specific/lpfx-orog"
    },
    {
      "@id": "mip-cmor-tables:miptables/variables/table-specific/lpfx-rootd"
    },
    {
      "@id": "mip-cmor-tables:miptables/variables/table-specific/lpfx-rootdsl"
    },
    {
      "@id": "mip-cmor-tables:miptables/variables/table-specific/lpfx-sandfrac"
    },
    {
      "@id": "mip-cmor-tables:miptables/variables/table-specific/lpfx-sftgif"
    },
    {
      "@id": "mip-cmor-tables:miptables/variables/table-specific/lpfx-slthick"
    },
    {
      "@id": "mip-cmor-tables:miptables/variables/table-specific/lpfx-vegheight"
    },
    {
      "@id": "mip-cmor-tables:miptables/variables/table-specific/lpfx-wilt"
    }
  ]
}
