{
  "@id": "mip-cmor-tables:miptables/tables/lpmon",
  "@type": "dr-table",
  "table:approx_interval": 30.0,
  "table:checksum": "",
  "table:cmor_version": "3.8.0",
  "table:conventions": "CF-1.7 CMIP-6.5",
  "table:data_specs_version": "6.5.0.0",
  "table:generic_levels": [],
  "table:int_missing_value": "-999",
  "table:missing_value": "1e20",
  "table:product": {
    "@id": "mip-cmor-tables:auxillary/product/model-output"
  },
  "table:release": "v6.5.0.2",
  "table:table_date": "2024-02-28",
  "table:table_id": "LPmon",
  "table:variable_entry": [
    {
      "@id": "mip-cmor-tables:miptables/variables/table-specific/lpmon-baresoilfrac"
    },
    {
      "@id": "mip-cmor-tables:miptables/variables/table-specific/lpmon-burntfractionall"
    },
    {
      "@id": "mip-cmor-tables:miptables/variables/table-specific/lpmon-c13land"
    },
    {
      "@id": "mip-cmor-tables:miptables/variables/table-specific/lpmon-c13litter"
    },
    {
      "@id": "mip-cmor-tables:miptables/variables/table-specific/lpmon-c13soil"
    },
    {
      "@id": "mip-cmor-tables:miptables/variables/table-specific/lpmon-c13veg"
    },
    {
      "@id": "mip-cmor-tables:miptables/variables/table-specific/lpmon-c14land"
    },
    {
      "@id": "mip-cmor-tables:miptables/variables/table-specific/lpmon-c14litter"
    },
    {
      "@id": "mip-cmor-tables:miptables/variables/table-specific/lpmon-c14soil"
    },
    {
      "@id": "mip-cmor-tables:miptables/variables/table-specific/lpmon-c14veg"
    },
    {
      "@id": "mip-cmor-tables:miptables/variables/table-specific/lpmon-c3pftfrac"
    },
    {
      "@id": "mip-cmor-tables:miptables/variables/table-specific/lpmon-c4pftfrac"
    },
    {
      "@id": "mip-cmor-tables:miptables/variables/table-specific/lpmon-ccwd"
    },
    {
      "@id": "mip-cmor-tables:miptables/variables/table-specific/lpmon-cland"
    },
    {
      "@id": "mip-cmor-tables:miptables/variables/table-specific/lpmon-cleaf"
    },
    {
      "@id": "mip-cmor-tables:miptables/variables/table-specific/lpmon-clitter"
    },
    {
      "@id": "mip-cmor-tables:miptables/variables/table-specific/lpmon-clitterabove"
    },
    {
      "@id": "mip-cmor-tables:miptables/variables/table-specific/lpmon-clitterbelow"
    },
    {
      "@id": "mip-cmor-tables:miptables/variables/table-specific/lpmon-clittercwd"
    },
    {
      "@id": "mip-cmor-tables:miptables/variables/table-specific/lpmon-clittergrass"
    },
    {
      "@id": "mip-cmor-tables:miptables/variables/table-specific/lpmon-clittershrub"
    },
    {
      "@id": "mip-cmor-tables:miptables/variables/table-specific/lpmon-clittersubsurf"
    },
    {
      "@id": "mip-cmor-tables:miptables/variables/table-specific/lpmon-clittersurf"
    },
    {
      "@id": "mip-cmor-tables:miptables/variables/table-specific/lpmon-clittertree"
    },
    {
      "@id": "mip-cmor-tables:miptables/variables/table-specific/lpmon-cmisc"
    },
    {
      "@id": "mip-cmor-tables:miptables/variables/table-specific/lpmon-cother"
    },
    {
      "@id": "mip-cmor-tables:miptables/variables/table-specific/lpmon-cproduct"
    },
    {
      "@id": "mip-cmor-tables:miptables/variables/table-specific/lpmon-croot"
    },
    {
      "@id": "mip-cmor-tables:miptables/variables/table-specific/lpmon-csoil"
    },
    {
      "@id": "mip-cmor-tables:miptables/variables/table-specific/lpmon-csoilabove1m"
    },
    {
      "@id": "mip-cmor-tables:miptables/variables/table-specific/lpmon-csoilfast"
    },
    {
      "@id": "mip-cmor-tables:miptables/variables/table-specific/lpmon-csoilgrass"
    },
    {
      "@id": "mip-cmor-tables:miptables/variables/table-specific/lpmon-csoillevels"
    },
    {
      "@id": "mip-cmor-tables:miptables/variables/table-specific/lpmon-csoilmedium"
    },
    {
      "@id": "mip-cmor-tables:miptables/variables/table-specific/lpmon-csoilpools"
    },
    {
      "@id": "mip-cmor-tables:miptables/variables/table-specific/lpmon-csoilshrub"
    },
    {
      "@id": "mip-cmor-tables:miptables/variables/table-specific/lpmon-csoilslow"
    },
    {
      "@id": "mip-cmor-tables:miptables/variables/table-specific/lpmon-csoiltree"
    },
    {
      "@id": "mip-cmor-tables:miptables/variables/table-specific/lpmon-cstem"
    },
    {
      "@id": "mip-cmor-tables:miptables/variables/table-specific/lpmon-ctotfirelut"
    },
    {
      "@id": "mip-cmor-tables:miptables/variables/table-specific/lpmon-cveg"
    },
    {
      "@id": "mip-cmor-tables:miptables/variables/table-specific/lpmon-cveggrass"
    },
    {
      "@id": "mip-cmor-tables:miptables/variables/table-specific/lpmon-cvegshrub"
    },
    {
      "@id": "mip-cmor-tables:miptables/variables/table-specific/lpmon-cvegtree"
    },
    {
      "@id": "mip-cmor-tables:miptables/variables/table-specific/lpmon-cwood"
    },
    {
      "@id": "mip-cmor-tables:miptables/variables/table-specific/lpmon-cropfrac"
    },
    {
      "@id": "mip-cmor-tables:miptables/variables/table-specific/lpmon-cropfracc3"
    },
    {
      "@id": "mip-cmor-tables:miptables/variables/table-specific/lpmon-cropfracc4"
    },
    {
      "@id": "mip-cmor-tables:miptables/variables/table-specific/lpmon-evspsblpot"
    },
    {
      "@id": "mip-cmor-tables:miptables/variables/table-specific/lpmon-evspsblsoi"
    },
    {
      "@id": "mip-cmor-tables:miptables/variables/table-specific/lpmon-evspsblveg"
    },
    {
      "@id": "mip-cmor-tables:miptables/variables/table-specific/lpmon-fanthdisturb"
    },
    {
      "@id": "mip-cmor-tables:miptables/variables/table-specific/lpmon-fbnf"
    },
    {
      "@id": "mip-cmor-tables:miptables/variables/table-specific/lpmon-fclandtoocean"
    },
    {
      "@id": "mip-cmor-tables:miptables/variables/table-specific/lpmon-fdeforesttoatmos"
    },
    {
      "@id": "mip-cmor-tables:miptables/variables/table-specific/lpmon-fdeforesttoproduct"
    },
    {
      "@id": "mip-cmor-tables:miptables/variables/table-specific/lpmon-ffire"
    },
    {
      "@id": "mip-cmor-tables:miptables/variables/table-specific/lpmon-ffireall"
    },
    {
      "@id": "mip-cmor-tables:miptables/variables/table-specific/lpmon-ffirenat"
    },
    {
      "@id": "mip-cmor-tables:miptables/variables/table-specific/lpmon-fgrazing"
    },
    {
      "@id": "mip-cmor-tables:miptables/variables/table-specific/lpmon-fharvest"
    },
    {
      "@id": "mip-cmor-tables:miptables/variables/table-specific/lpmon-fharvesttoatmos"
    },
    {
      "@id": "mip-cmor-tables:miptables/variables/table-specific/lpmon-fharvesttoproduct"
    },
    {
      "@id": "mip-cmor-tables:miptables/variables/table-specific/lpmon-flitterfire"
    },
    {
      "@id": "mip-cmor-tables:miptables/variables/table-specific/lpmon-flittersoil"
    },
    {
      "@id": "mip-cmor-tables:miptables/variables/table-specific/lpmon-fluc"
    },
    {
      "@id": "mip-cmor-tables:miptables/variables/table-specific/lpmon-flulccatmlut"
    },
    {
      "@id": "mip-cmor-tables:miptables/variables/table-specific/lpmon-flulccproductlut"
    },
    {
      "@id": "mip-cmor-tables:miptables/variables/table-specific/lpmon-flulccresiduelut"
    },
    {
      "@id": "mip-cmor-tables:miptables/variables/table-specific/lpmon-fn2o"
    },
    {
      "@id": "mip-cmor-tables:miptables/variables/table-specific/lpmon-fnanthdisturb"
    },
    {
      "@id": "mip-cmor-tables:miptables/variables/table-specific/lpmon-fnlandtoocean"
    },
    {
      "@id": "mip-cmor-tables:miptables/variables/table-specific/lpmon-fnlittersoil"
    },
    {
      "@id": "mip-cmor-tables:miptables/variables/table-specific/lpmon-fnox"
    },
    {
      "@id": "mip-cmor-tables:miptables/variables/table-specific/lpmon-fnproduct"
    },
    {
      "@id": "mip-cmor-tables:miptables/variables/table-specific/lpmon-fnveglitter"
    },
    {
      "@id": "mip-cmor-tables:miptables/variables/table-specific/lpmon-fnvegsoil"
    },
    {
      "@id": "mip-cmor-tables:miptables/variables/table-specific/lpmon-fndep"
    },
    {
      "@id": "mip-cmor-tables:miptables/variables/table-specific/lpmon-fnfert"
    },
    {
      "@id": "mip-cmor-tables:miptables/variables/table-specific/lpmon-fngas"
    },
    {
      "@id": "mip-cmor-tables:miptables/variables/table-specific/lpmon-fngasfire"
    },
    {
      "@id": "mip-cmor-tables:miptables/variables/table-specific/lpmon-fngasnonfire"
    },
    {
      "@id": "mip-cmor-tables:miptables/variables/table-specific/lpmon-fnleach"
    },
    {
      "@id": "mip-cmor-tables:miptables/variables/table-specific/lpmon-fnloss"
    },
    {
      "@id": "mip-cmor-tables:miptables/variables/table-specific/lpmon-fnnetmin"
    },
    {
      "@id": "mip-cmor-tables:miptables/variables/table-specific/lpmon-fnup"
    },
    {
      "@id": "mip-cmor-tables:miptables/variables/table-specific/lpmon-fproductdecomp"
    },
    {
      "@id": "mip-cmor-tables:miptables/variables/table-specific/lpmon-fproductdecomplut"
    },
    {
      "@id": "mip-cmor-tables:miptables/variables/table-specific/lpmon-fvegfire"
    },
    {
      "@id": "mip-cmor-tables:miptables/variables/table-specific/lpmon-fveglitter"
    },
    {
      "@id": "mip-cmor-tables:miptables/variables/table-specific/lpmon-fveglittermortality"
    },
    {
      "@id": "mip-cmor-tables:miptables/variables/table-specific/lpmon-fveglittersenescence"
    },
    {
      "@id": "mip-cmor-tables:miptables/variables/table-specific/lpmon-fvegsoil"
    },
    {
      "@id": "mip-cmor-tables:miptables/variables/table-specific/lpmon-fvegsoilmortality"
    },
    {
      "@id": "mip-cmor-tables:miptables/variables/table-specific/lpmon-fvegsoilsenescence"
    },
    {
      "@id": "mip-cmor-tables:miptables/variables/table-specific/lpmon-fahlut"
    },
    {
      "@id": "mip-cmor-tables:miptables/variables/table-specific/lpmon-fraclut"
    },
    {
      "@id": "mip-cmor-tables:miptables/variables/table-specific/lpmon-gpp"
    },
    {
      "@id": "mip-cmor-tables:miptables/variables/table-specific/lpmon-gppgrass"
    },
    {
      "@id": "mip-cmor-tables:miptables/variables/table-specific/lpmon-gpplut"
    },
    {
      "@id": "mip-cmor-tables:miptables/variables/table-specific/lpmon-gppshrub"
    },
    {
      "@id": "mip-cmor-tables:miptables/variables/table-specific/lpmon-gpptree"
    },
    {
      "@id": "mip-cmor-tables:miptables/variables/table-specific/lpmon-gppc13"
    },
    {
      "@id": "mip-cmor-tables:miptables/variables/table-specific/lpmon-gppc14"
    },
    {
      "@id": "mip-cmor-tables:miptables/variables/table-specific/lpmon-grassfrac"
    },
    {
      "@id": "mip-cmor-tables:miptables/variables/table-specific/lpmon-grassfracc3"
    },
    {
      "@id": "mip-cmor-tables:miptables/variables/table-specific/lpmon-grassfracc4"
    },
    {
      "@id": "mip-cmor-tables:miptables/variables/table-specific/lpmon-hflslut"
    },
    {
      "@id": "mip-cmor-tables:miptables/variables/table-specific/lpmon-hfsslut"
    },
    {
      "@id": "mip-cmor-tables:miptables/variables/table-specific/lpmon-husslut"
    },
    {
      "@id": "mip-cmor-tables:miptables/variables/table-specific/lpmon-irrlut"
    },
    {
      "@id": "mip-cmor-tables:miptables/variables/table-specific/lpmon-lai"
    },
    {
      "@id": "mip-cmor-tables:miptables/variables/table-specific/lpmon-lailut"
    },
    {
      "@id": "mip-cmor-tables:miptables/variables/table-specific/lpmon-landcoverfrac"
    },
    {
      "@id": "mip-cmor-tables:miptables/variables/table-specific/lpmon-mrfso"
    },
    {
      "@id": "mip-cmor-tables:miptables/variables/table-specific/lpmon-mrlso"
    },
    {
      "@id": "mip-cmor-tables:miptables/variables/table-specific/lpmon-mrro"
    },
    {
      "@id": "mip-cmor-tables:miptables/variables/table-specific/lpmon-mrrolut"
    },
    {
      "@id": "mip-cmor-tables:miptables/variables/table-specific/lpmon-mrros"
    },
    {
      "@id": "mip-cmor-tables:miptables/variables/table-specific/lpmon-mrsfl"
    },
    {
      "@id": "mip-cmor-tables:miptables/variables/table-specific/lpmon-mrsll"
    },
    {
      "@id": "mip-cmor-tables:miptables/variables/table-specific/lpmon-mrso"
    },
    {
      "@id": "mip-cmor-tables:miptables/variables/table-specific/lpmon-mrsolut"
    },
    {
      "@id": "mip-cmor-tables:miptables/variables/table-specific/lpmon-mrsol"
    },
    {
      "@id": "mip-cmor-tables:miptables/variables/table-specific/lpmon-mrsos"
    },
    {
      "@id": "mip-cmor-tables:miptables/variables/table-specific/lpmon-mrsoslut"
    },
    {
      "@id": "mip-cmor-tables:miptables/variables/table-specific/lpmon-mrtws"
    },
    {
      "@id": "mip-cmor-tables:miptables/variables/table-specific/lpmon-nland"
    },
    {
      "@id": "mip-cmor-tables:miptables/variables/table-specific/lpmon-nleaf"
    },
    {
      "@id": "mip-cmor-tables:miptables/variables/table-specific/lpmon-nlitter"
    },
    {
      "@id": "mip-cmor-tables:miptables/variables/table-specific/lpmon-nlittercwd"
    },
    {
      "@id": "mip-cmor-tables:miptables/variables/table-specific/lpmon-nlittersubsurf"
    },
    {
      "@id": "mip-cmor-tables:miptables/variables/table-specific/lpmon-nlittersurf"
    },
    {
      "@id": "mip-cmor-tables:miptables/variables/table-specific/lpmon-nmineral"
    },
    {
      "@id": "mip-cmor-tables:miptables/variables/table-specific/lpmon-nmineralnh4"
    },
    {
      "@id": "mip-cmor-tables:miptables/variables/table-specific/lpmon-nmineralno3"
    },
    {
      "@id": "mip-cmor-tables:miptables/variables/table-specific/lpmon-nother"
    },
    {
      "@id": "mip-cmor-tables:miptables/variables/table-specific/lpmon-nproduct"
    },
    {
      "@id": "mip-cmor-tables:miptables/variables/table-specific/lpmon-nroot"
    },
    {
      "@id": "mip-cmor-tables:miptables/variables/table-specific/lpmon-nsoil"
    },
    {
      "@id": "mip-cmor-tables:miptables/variables/table-specific/lpmon-nstem"
    },
    {
      "@id": "mip-cmor-tables:miptables/variables/table-specific/lpmon-nveg"
    },
    {
      "@id": "mip-cmor-tables:miptables/variables/table-specific/lpmon-nbp"
    },
    {
      "@id": "mip-cmor-tables:miptables/variables/table-specific/lpmon-necblut"
    },
    {
      "@id": "mip-cmor-tables:miptables/variables/table-specific/lpmon-nep"
    },
    {
      "@id": "mip-cmor-tables:miptables/variables/table-specific/lpmon-netatmoslandc13flux"
    },
    {
      "@id": "mip-cmor-tables:miptables/variables/table-specific/lpmon-netatmoslandc14flux"
    },
    {
      "@id": "mip-cmor-tables:miptables/variables/table-specific/lpmon-netatmoslandco2flux"
    },
    {
      "@id": "mip-cmor-tables:miptables/variables/table-specific/lpmon-npp"
    },
    {
      "@id": "mip-cmor-tables:miptables/variables/table-specific/lpmon-nppgrass"
    },
    {
      "@id": "mip-cmor-tables:miptables/variables/table-specific/lpmon-nppleaf"
    },
    {
      "@id": "mip-cmor-tables:miptables/variables/table-specific/lpmon-npplut"
    },
    {
      "@id": "mip-cmor-tables:miptables/variables/table-specific/lpmon-nppother"
    },
    {
      "@id": "mip-cmor-tables:miptables/variables/table-specific/lpmon-npproot"
    },
    {
      "@id": "mip-cmor-tables:miptables/variables/table-specific/lpmon-nppshrub"
    },
    {
      "@id": "mip-cmor-tables:miptables/variables/table-specific/lpmon-nppstem"
    },
    {
      "@id": "mip-cmor-tables:miptables/variables/table-specific/lpmon-npptree"
    },
    {
      "@id": "mip-cmor-tables:miptables/variables/table-specific/lpmon-nppwood"
    },
    {
      "@id": "mip-cmor-tables:miptables/variables/table-specific/lpmon-nwdfraclut"
    },
    {
      "@id": "mip-cmor-tables:miptables/variables/table-specific/lpmon-orog"
    },
    {
      "@id": "mip-cmor-tables:miptables/variables/table-specific/lpmon-pasturefrac"
    },
    {
      "@id": "mip-cmor-tables:miptables/variables/table-specific/lpmon-pasturefracc3"
    },
    {
      "@id": "mip-cmor-tables:miptables/variables/table-specific/lpmon-pasturefracc4"
    },
    {
      "@id": "mip-cmor-tables:miptables/variables/table-specific/lpmon-prveg"
    },
    {
      "@id": "mip-cmor-tables:miptables/variables/table-specific/lpmon-rgrowth"
    },
    {
      "@id": "mip-cmor-tables:miptables/variables/table-specific/lpmon-rmaint"
    },
    {
      "@id": "mip-cmor-tables:miptables/variables/table-specific/lpmon-ra"
    },
    {
      "@id": "mip-cmor-tables:miptables/variables/table-specific/lpmon-ragrass"
    },
    {
      "@id": "mip-cmor-tables:miptables/variables/table-specific/lpmon-raleaf"
    },
    {
      "@id": "mip-cmor-tables:miptables/variables/table-specific/lpmon-ralut"
    },
    {
      "@id": "mip-cmor-tables:miptables/variables/table-specific/lpmon-raother"
    },
    {
      "@id": "mip-cmor-tables:miptables/variables/table-specific/lpmon-raroot"
    },
    {
      "@id": "mip-cmor-tables:miptables/variables/table-specific/lpmon-rashrub"
    },
    {
      "@id": "mip-cmor-tables:miptables/variables/table-specific/lpmon-rastem"
    },
    {
      "@id": "mip-cmor-tables:miptables/variables/table-specific/lpmon-ratree"
    },
    {
      "@id": "mip-cmor-tables:miptables/variables/table-specific/lpmon-rac13"
    },
    {
      "@id": "mip-cmor-tables:miptables/variables/table-specific/lpmon-rac14"
    },
    {
      "@id": "mip-cmor-tables:miptables/variables/table-specific/lpmon-residualfrac"
    },
    {
      "@id": "mip-cmor-tables:miptables/variables/table-specific/lpmon-rh"
    },
    {
      "@id": "mip-cmor-tables:miptables/variables/table-specific/lpmon-rhgrass"
    },
    {
      "@id": "mip-cmor-tables:miptables/variables/table-specific/lpmon-rhlitter"
    },
    {
      "@id": "mip-cmor-tables:miptables/variables/table-specific/lpmon-rhlut"
    },
    {
      "@id": "mip-cmor-tables:miptables/variables/table-specific/lpmon-rhshrub"
    },
    {
      "@id": "mip-cmor-tables:miptables/variables/table-specific/lpmon-rhsoil"
    },
    {
      "@id": "mip-cmor-tables:miptables/variables/table-specific/lpmon-rhtree"
    },
    {
      "@id": "mip-cmor-tables:miptables/variables/table-specific/lpmon-rhc13"
    },
    {
      "@id": "mip-cmor-tables:miptables/variables/table-specific/lpmon-rhc14"
    },
    {
      "@id": "mip-cmor-tables:miptables/variables/table-specific/lpmon-rluslut"
    },
    {
      "@id": "mip-cmor-tables:miptables/variables/table-specific/lpmon-rsuslut"
    },
    {
      "@id": "mip-cmor-tables:miptables/variables/table-specific/lpmon-sftgif"
    },
    {
      "@id": "mip-cmor-tables:miptables/variables/table-specific/lpmon-shrubfrac"
    },
    {
      "@id": "mip-cmor-tables:miptables/variables/table-specific/lpmon-swelut"
    },
    {
      "@id": "mip-cmor-tables:miptables/variables/table-specific/lpmon-tsoilpools"
    },
    {
      "@id": "mip-cmor-tables:miptables/variables/table-specific/lpmon-taslut"
    },
    {
      "@id": "mip-cmor-tables:miptables/variables/table-specific/lpmon-tran"
    },
    {
      "@id": "mip-cmor-tables:miptables/variables/table-specific/lpmon-treefrac"
    },
    {
      "@id": "mip-cmor-tables:miptables/variables/table-specific/lpmon-treefracbdldcd"
    },
    {
      "@id": "mip-cmor-tables:miptables/variables/table-specific/lpmon-treefracbdlevg"
    },
    {
      "@id": "mip-cmor-tables:miptables/variables/table-specific/lpmon-treefracndldcd"
    },
    {
      "@id": "mip-cmor-tables:miptables/variables/table-specific/lpmon-treefracndlevg"
    },
    {
      "@id": "mip-cmor-tables:miptables/variables/table-specific/lpmon-treefracprimdec"
    },
    {
      "@id": "mip-cmor-tables:miptables/variables/table-specific/lpmon-treefracprimever"
    },
    {
      "@id": "mip-cmor-tables:miptables/variables/table-specific/lpmon-treefracsecdec"
    },
    {
      "@id": "mip-cmor-tables:miptables/variables/table-specific/lpmon-treefracsecever"
    },
    {
      "@id": "mip-cmor-tables:miptables/variables/table-specific/lpmon-tsl"
    },
    {
      "@id": "mip-cmor-tables:miptables/variables/table-specific/lpmon-tslsilut"
    },
    {
      "@id": "mip-cmor-tables:miptables/variables/table-specific/lpmon-vegfrac"
    },
    {
      "@id": "mip-cmor-tables:miptables/variables/table-specific/lpmon-vegheight"
    },
    {
      "@id": "mip-cmor-tables:miptables/variables/table-specific/lpmon-vegheightcrop"
    },
    {
      "@id": "mip-cmor-tables:miptables/variables/table-specific/lpmon-vegheightgrass"
    },
    {
      "@id": "mip-cmor-tables:miptables/variables/table-specific/lpmon-vegheightpasture"
    },
    {
      "@id": "mip-cmor-tables:miptables/variables/table-specific/lpmon-vegheightshrub"
    },
    {
      "@id": "mip-cmor-tables:miptables/variables/table-specific/lpmon-vegheighttree"
    },
    {
      "@id": "mip-cmor-tables:miptables/variables/table-specific/lpmon-wetlandch4"
    },
    {
      "@id": "mip-cmor-tables:miptables/variables/table-specific/lpmon-wetlandch4cons"
    },
    {
      "@id": "mip-cmor-tables:miptables/variables/table-specific/lpmon-wetlandch4prod"
    },
    {
      "@id": "mip-cmor-tables:miptables/variables/table-specific/lpmon-wetlandfrac"
    },
    {
      "@id": "mip-cmor-tables:miptables/variables/table-specific/lpmon-wtd"
    }
  ]
}
