{
  "@id": "mip-cmor-tables:miptables/tables/lpyr",
  "@type": "dr-table",
  "table:approx_interval": 365.0,
  "table:checksum": "",
  "table:cmor_version": "3.8.0",
  "table:conventions": "CF-1.7 CMIP-6.5",
  "table:data_specs_version": "6.5.0.0",
  "table:generic_levels": [],
  "table:int_missing_value": "-999",
  "table:missing_value": "1e20",
  "table:product": {
    "@id": "mip-cmor-tables:auxillary/product/model-output"
  },
  "table:release": "v6.5.0.2",
  "table:table_date": "2023-11-16",
  "table:table_id": "LPyr",
  "table:variable_entry": [
    {
      "@id": "mip-cmor-tables:miptables/variables/table-specific/lpyr-baresoilfrac"
    },
    {
      "@id": "mip-cmor-tables:miptables/variables/table-specific/lpyr-cropfrac"
    },
    {
      "@id": "mip-cmor-tables:miptables/variables/table-specific/lpyr-fracinlut"
    },
    {
      "@id": "mip-cmor-tables:miptables/variables/table-specific/lpyr-fracoutlut"
    },
    {
      "@id": "mip-cmor-tables:miptables/variables/table-specific/lpyr-grassfrac"
    },
    {
      "@id": "mip-cmor-tables:miptables/variables/table-specific/lpyr-residualfrac"
    },
    {
      "@id": "mip-cmor-tables:miptables/variables/table-specific/lpyr-shrubfrac"
    },
    {
      "@id": "mip-cmor-tables:miptables/variables/table-specific/lpyr-treefrac"
    },
    {
      "@id": "mip-cmor-tables:miptables/variables/table-specific/lpyr-vegfrac"
    }
  ]
}
