{
  "@id": "mip-cmor-tables:miptables/tables/lpyrpt",
  "@type": "dr-table",
  "table:approx_interval": 365.0,
  "table:checksum": "",
  "table:cmor_version": "3.8.0",
  "table:conventions": "CF-1.7 CMIP-6.5",
  "table:data_specs_version": "6.5.0.0",
  "table:generic_levels": [],
  "table:int_missing_value": "-999",
  "table:missing_value": "1e20",
  "table:product": {
    "@id": "mip-cmor-tables:auxillary/product/model-output"
  },
  "table:release": "v6.5.0.2",
  "table:table_date": "2023-11-16",
  "table:table_id": "LPyrPt",
  "table:variable_entry": [
    {
      "@id": "mip-cmor-tables:miptables/variables/table-specific/lpyrpt-clitter"
    },
    {
      "@id": "mip-cmor-tables:miptables/variables/table-specific/lpyrpt-clitterlut"
    },
    {
      "@id": "mip-cmor-tables:miptables/variables/table-specific/lpyrpt-cproduct"
    },
    {
      "@id": "mip-cmor-tables:miptables/variables/table-specific/lpyrpt-cproductlut"
    },
    {
      "@id": "mip-cmor-tables:miptables/variables/table-specific/lpyrpt-csoil"
    },
    {
      "@id": "mip-cmor-tables:miptables/variables/table-specific/lpyrpt-csoillut"
    },
    {
      "@id": "mip-cmor-tables:miptables/variables/table-specific/lpyrpt-cveg"
    },
    {
      "@id": "mip-cmor-tables:miptables/variables/table-specific/lpyrpt-cveglut"
    },
    {
      "@id": "mip-cmor-tables:miptables/variables/table-specific/lpyrpt-fraclut"
    }
  ]
}
