{
  "@id": "mip-cmor-tables:miptables/tables/obmon",
  "@type": "dr-table",
  "table:approx_interval": 30.0,
  "table:checksum": "",
  "table:cmor_version": "3.8.0",
  "table:conventions": "CF-1.7 CMIP-6.5",
  "table:data_specs_version": "6.5.0.0",
  "table:generic_levels": [],
  "table:int_missing_value": "-999",
  "table:missing_value": "1e20",
  "table:product": {
    "@id": "mip-cmor-tables:auxillary/product/model-output"
  },
  "table:release": "v6.5.0.2",
  "table:table_date": "2023-11-16",
  "table:table_id": "OBmon",
  "table:variable_entry": [
    {
      "@id": "mip-cmor-tables:miptables/variables/table-specific/obmon-aragos"
    },
    {
      "@id": "mip-cmor-tables:miptables/variables/table-specific/obmon-baccos"
    },
    {
      "@id": "mip-cmor-tables:miptables/variables/table-specific/obmon-bfeos"
    },
    {
      "@id": "mip-cmor-tables:miptables/variables/table-specific/obmon-bsios"
    },
    {
      "@id": "mip-cmor-tables:miptables/variables/table-specific/obmon-calcos"
    },
    {
      "@id": "mip-cmor-tables:miptables/variables/table-specific/obmon-chlcalcos"
    },
    {
      "@id": "mip-cmor-tables:miptables/variables/table-specific/obmon-chldiatos"
    },
    {
      "@id": "mip-cmor-tables:miptables/variables/table-specific/obmon-chldiazos"
    },
    {
      "@id": "mip-cmor-tables:miptables/variables/table-specific/obmon-chlmiscos"
    },
    {
      "@id": "mip-cmor-tables:miptables/variables/table-specific/obmon-chlos"
    },
    {
      "@id": "mip-cmor-tables:miptables/variables/table-specific/obmon-chlpicoos"
    },
    {
      "@id": "mip-cmor-tables:miptables/variables/table-specific/obmon-co3abioos"
    },
    {
      "@id": "mip-cmor-tables:miptables/variables/table-specific/obmon-co3natos"
    },
    {
      "@id": "mip-cmor-tables:miptables/variables/table-specific/obmon-co3os"
    },
    {
      "@id": "mip-cmor-tables:miptables/variables/table-specific/obmon-co3sataragos"
    },
    {
      "@id": "mip-cmor-tables:miptables/variables/table-specific/obmon-co3satcalcos"
    },
    {
      "@id": "mip-cmor-tables:miptables/variables/table-specific/obmon-detocos"
    },
    {
      "@id": "mip-cmor-tables:miptables/variables/table-specific/obmon-dfeos"
    },
    {
      "@id": "mip-cmor-tables:miptables/variables/table-specific/obmon-dissi13cos"
    },
    {
      "@id": "mip-cmor-tables:miptables/variables/table-specific/obmon-dissi14cabioos"
    },
    {
      "@id": "mip-cmor-tables:miptables/variables/table-specific/obmon-dissicabioos"
    },
    {
      "@id": "mip-cmor-tables:miptables/variables/table-specific/obmon-dissicnatos"
    },
    {
      "@id": "mip-cmor-tables:miptables/variables/table-specific/obmon-dissicos"
    },
    {
      "@id": "mip-cmor-tables:miptables/variables/table-specific/obmon-dissocos"
    },
    {
      "@id": "mip-cmor-tables:miptables/variables/table-specific/obmon-dmsos"
    },
    {
      "@id": "mip-cmor-tables:miptables/variables/table-specific/obmon-dpco2"
    },
    {
      "@id": "mip-cmor-tables:miptables/variables/table-specific/obmon-dpco2abio"
    },
    {
      "@id": "mip-cmor-tables:miptables/variables/table-specific/obmon-dpco2nat"
    },
    {
      "@id": "mip-cmor-tables:miptables/variables/table-specific/obmon-dpo2"
    },
    {
      "@id": "mip-cmor-tables:miptables/variables/table-specific/obmon-eparag100"
    },
    {
      "@id": "mip-cmor-tables:miptables/variables/table-specific/obmon-epc100"
    },
    {
      "@id": "mip-cmor-tables:miptables/variables/table-specific/obmon-epcalc100"
    },
    {
      "@id": "mip-cmor-tables:miptables/variables/table-specific/obmon-epfe100"
    },
    {
      "@id": "mip-cmor-tables:miptables/variables/table-specific/obmon-epn100"
    },
    {
      "@id": "mip-cmor-tables:miptables/variables/table-specific/obmon-epp100"
    },
    {
      "@id": "mip-cmor-tables:miptables/variables/table-specific/obmon-epsi100"
    },
    {
      "@id": "mip-cmor-tables:miptables/variables/table-specific/obmon-fbddtalk"
    },
    {
      "@id": "mip-cmor-tables:miptables/variables/table-specific/obmon-fbddtdic"
    },
    {
      "@id": "mip-cmor-tables:miptables/variables/table-specific/obmon-fbddtdife"
    },
    {
      "@id": "mip-cmor-tables:miptables/variables/table-specific/obmon-fbddtdin"
    },
    {
      "@id": "mip-cmor-tables:miptables/variables/table-specific/obmon-fbddtdip"
    },
    {
      "@id": "mip-cmor-tables:miptables/variables/table-specific/obmon-fbddtdisi"
    },
    {
      "@id": "mip-cmor-tables:miptables/variables/table-specific/obmon-fddtalk"
    },
    {
      "@id": "mip-cmor-tables:miptables/variables/table-specific/obmon-fddtdic"
    },
    {
      "@id": "mip-cmor-tables:miptables/variables/table-specific/obmon-fddtdife"
    },
    {
      "@id": "mip-cmor-tables:miptables/variables/table-specific/obmon-fddtdin"
    },
    {
      "@id": "mip-cmor-tables:miptables/variables/table-specific/obmon-fddtdip"
    },
    {
      "@id": "mip-cmor-tables:miptables/variables/table-specific/obmon-fddtdisi"
    },
    {
      "@id": "mip-cmor-tables:miptables/variables/table-specific/obmon-fg13co2"
    },
    {
      "@id": "mip-cmor-tables:miptables/variables/table-specific/obmon-fg14co2"
    },
    {
      "@id": "mip-cmor-tables:miptables/variables/table-specific/obmon-fg14co2abio"
    },
    {
      "@id": "mip-cmor-tables:miptables/variables/table-specific/obmon-fgco2"
    },
    {
      "@id": "mip-cmor-tables:miptables/variables/table-specific/obmon-fgco2abio"
    },
    {
      "@id": "mip-cmor-tables:miptables/variables/table-specific/obmon-fgco2nat"
    },
    {
      "@id": "mip-cmor-tables:miptables/variables/table-specific/obmon-fgdms"
    },
    {
      "@id": "mip-cmor-tables:miptables/variables/table-specific/obmon-fgo2"
    },
    {
      "@id": "mip-cmor-tables:miptables/variables/table-specific/obmon-frfe"
    },
    {
      "@id": "mip-cmor-tables:miptables/variables/table-specific/obmon-fric"
    },
    {
      "@id": "mip-cmor-tables:miptables/variables/table-specific/obmon-frn"
    },
    {
      "@id": "mip-cmor-tables:miptables/variables/table-specific/obmon-froc"
    },
    {
      "@id": "mip-cmor-tables:miptables/variables/table-specific/obmon-fsfe"
    },
    {
      "@id": "mip-cmor-tables:miptables/variables/table-specific/obmon-fsn"
    },
    {
      "@id": "mip-cmor-tables:miptables/variables/table-specific/obmon-icfriver"
    },
    {
      "@id": "mip-cmor-tables:miptables/variables/table-specific/obmon-intdic"
    },
    {
      "@id": "mip-cmor-tables:miptables/variables/table-specific/obmon-intdoc"
    },
    {
      "@id": "mip-cmor-tables:miptables/variables/table-specific/obmon-intparag"
    },
    {
      "@id": "mip-cmor-tables:miptables/variables/table-specific/obmon-intpbfe"
    },
    {
      "@id": "mip-cmor-tables:miptables/variables/table-specific/obmon-intpbn"
    },
    {
      "@id": "mip-cmor-tables:miptables/variables/table-specific/obmon-intpbp"
    },
    {
      "@id": "mip-cmor-tables:miptables/variables/table-specific/obmon-intpbsi"
    },
    {
      "@id": "mip-cmor-tables:miptables/variables/table-specific/obmon-intpcalcite"
    },
    {
      "@id": "mip-cmor-tables:miptables/variables/table-specific/obmon-intpn2"
    },
    {
      "@id": "mip-cmor-tables:miptables/variables/table-specific/obmon-intpoc"
    },
    {
      "@id": "mip-cmor-tables:miptables/variables/table-specific/obmon-intpp"
    },
    {
      "@id": "mip-cmor-tables:miptables/variables/table-specific/obmon-intppcalc"
    },
    {
      "@id": "mip-cmor-tables:miptables/variables/table-specific/obmon-intppdiat"
    },
    {
      "@id": "mip-cmor-tables:miptables/variables/table-specific/obmon-intppdiaz"
    },
    {
      "@id": "mip-cmor-tables:miptables/variables/table-specific/obmon-intppmisc"
    },
    {
      "@id": "mip-cmor-tables:miptables/variables/table-specific/obmon-intppnitrate"
    },
    {
      "@id": "mip-cmor-tables:miptables/variables/table-specific/obmon-intpppico"
    },
    {
      "@id": "mip-cmor-tables:miptables/variables/table-specific/obmon-limfecalc"
    },
    {
      "@id": "mip-cmor-tables:miptables/variables/table-specific/obmon-limfediat"
    },
    {
      "@id": "mip-cmor-tables:miptables/variables/table-specific/obmon-limfediaz"
    },
    {
      "@id": "mip-cmor-tables:miptables/variables/table-specific/obmon-limfemisc"
    },
    {
      "@id": "mip-cmor-tables:miptables/variables/table-specific/obmon-limfepico"
    },
    {
      "@id": "mip-cmor-tables:miptables/variables/table-specific/obmon-limirrcalc"
    },
    {
      "@id": "mip-cmor-tables:miptables/variables/table-specific/obmon-limirrdiat"
    },
    {
      "@id": "mip-cmor-tables:miptables/variables/table-specific/obmon-limirrdiaz"
    },
    {
      "@id": "mip-cmor-tables:miptables/variables/table-specific/obmon-limirrmisc"
    },
    {
      "@id": "mip-cmor-tables:miptables/variables/table-specific/obmon-limirrpico"
    },
    {
      "@id": "mip-cmor-tables:miptables/variables/table-specific/obmon-limncalc"
    },
    {
      "@id": "mip-cmor-tables:miptables/variables/table-specific/obmon-limndiat"
    },
    {
      "@id": "mip-cmor-tables:miptables/variables/table-specific/obmon-limndiaz"
    },
    {
      "@id": "mip-cmor-tables:miptables/variables/table-specific/obmon-limnmisc"
    },
    {
      "@id": "mip-cmor-tables:miptables/variables/table-specific/obmon-limnpico"
    },
    {
      "@id": "mip-cmor-tables:miptables/variables/table-specific/obmon-nh4os"
    },
    {
      "@id": "mip-cmor-tables:miptables/variables/table-specific/obmon-no3os"
    },
    {
      "@id": "mip-cmor-tables:miptables/variables/table-specific/obmon-o2min"
    },
    {
      "@id": "mip-cmor-tables:miptables/variables/table-specific/obmon-o2os"
    },
    {
      "@id": "mip-cmor-tables:miptables/variables/table-specific/obmon-o2satos"
    },
    {
      "@id": "mip-cmor-tables:miptables/variables/table-specific/obmon-ocfriver"
    },
    {
      "@id": "mip-cmor-tables:miptables/variables/table-specific/obmon-phabioos"
    },
    {
      "@id": "mip-cmor-tables:miptables/variables/table-specific/obmon-phnatos"
    },
    {
      "@id": "mip-cmor-tables:miptables/variables/table-specific/obmon-phos"
    },
    {
      "@id": "mip-cmor-tables:miptables/variables/table-specific/obmon-phycalcos"
    },
    {
      "@id": "mip-cmor-tables:miptables/variables/table-specific/obmon-phycos"
    },
    {
      "@id": "mip-cmor-tables:miptables/variables/table-specific/obmon-phydiatos"
    },
    {
      "@id": "mip-cmor-tables:miptables/variables/table-specific/obmon-phydiazos"
    },
    {
      "@id": "mip-cmor-tables:miptables/variables/table-specific/obmon-phyfeos"
    },
    {
      "@id": "mip-cmor-tables:miptables/variables/table-specific/obmon-phymiscos"
    },
    {
      "@id": "mip-cmor-tables:miptables/variables/table-specific/obmon-phynos"
    },
    {
      "@id": "mip-cmor-tables:miptables/variables/table-specific/obmon-phypicoos"
    },
    {
      "@id": "mip-cmor-tables:miptables/variables/table-specific/obmon-phypos"
    },
    {
      "@id": "mip-cmor-tables:miptables/variables/table-specific/obmon-physios"
    },
    {
      "@id": "mip-cmor-tables:miptables/variables/table-specific/obmon-po4os"
    },
    {
      "@id": "mip-cmor-tables:miptables/variables/table-specific/obmon-ponos"
    },
    {
      "@id": "mip-cmor-tables:miptables/variables/table-specific/obmon-popos"
    },
    {
      "@id": "mip-cmor-tables:miptables/variables/table-specific/obmon-ppos"
    },
    {
      "@id": "mip-cmor-tables:miptables/variables/table-specific/obmon-sios"
    },
    {
      "@id": "mip-cmor-tables:miptables/variables/table-specific/obmon-spco2"
    },
    {
      "@id": "mip-cmor-tables:miptables/variables/table-specific/obmon-spco2abio"
    },
    {
      "@id": "mip-cmor-tables:miptables/variables/table-specific/obmon-spco2nat"
    },
    {
      "@id": "mip-cmor-tables:miptables/variables/table-specific/obmon-talknatos"
    },
    {
      "@id": "mip-cmor-tables:miptables/variables/table-specific/obmon-talkos"
    },
    {
      "@id": "mip-cmor-tables:miptables/variables/table-specific/obmon-zmesoos"
    },
    {
      "@id": "mip-cmor-tables:miptables/variables/table-specific/obmon-zmicroos"
    },
    {
      "@id": "mip-cmor-tables:miptables/variables/table-specific/obmon-zmiscos"
    },
    {
      "@id": "mip-cmor-tables:miptables/variables/table-specific/obmon-zo2min"
    },
    {
      "@id": "mip-cmor-tables:miptables/variables/table-specific/obmon-zoocos"
    },
    {
      "@id": "mip-cmor-tables:miptables/variables/table-specific/obmon-zsatarag"
    },
    {
      "@id": "mip-cmor-tables:miptables/variables/table-specific/obmon-zsatcalc"
    }
  ]
}
