{
  "@id": "mip-cmor-tables:miptables/tables/obmonlev",
  "@type": "dr-table",
  "table:approx_interval": 30.0,
  "table:checksum": "",
  "table:cmor_version": "3.8.0",
  "table:conventions": "CF-1.7 CMIP-6.5",
  "table:data_specs_version": "6.5.0.0",
  "table:generic_levels": [
    "olevel",
    "olevhalf"
  ],
  "table:int_missing_value": "-999",
  "table:missing_value": "1e20",
  "table:product": {
    "@id": "mip-cmor-tables:auxillary/product/model-output"
  },
  "table:release": "v6.5.0.2",
  "table:table_date": "2023-11-16",
  "table:table_id": "OBmonLev",
  "table:variable_entry": [
    {
      "@id": "mip-cmor-tables:miptables/variables/table-specific/obmonlev-arag"
    },
    {
      "@id": "mip-cmor-tables:miptables/variables/table-specific/obmonlev-bacc"
    },
    {
      "@id": "mip-cmor-tables:miptables/variables/table-specific/obmonlev-bfe"
    },
    {
      "@id": "mip-cmor-tables:miptables/variables/table-specific/obmonlev-bsi"
    },
    {
      "@id": "mip-cmor-tables:miptables/variables/table-specific/obmonlev-calc"
    },
    {
      "@id": "mip-cmor-tables:miptables/variables/table-specific/obmonlev-chl"
    },
    {
      "@id": "mip-cmor-tables:miptables/variables/table-specific/obmonlev-chlcalc"
    },
    {
      "@id": "mip-cmor-tables:miptables/variables/table-specific/obmonlev-chldiat"
    },
    {
      "@id": "mip-cmor-tables:miptables/variables/table-specific/obmonlev-chldiaz"
    },
    {
      "@id": "mip-cmor-tables:miptables/variables/table-specific/obmonlev-chlmisc"
    },
    {
      "@id": "mip-cmor-tables:miptables/variables/table-specific/obmonlev-chlpico"
    },
    {
      "@id": "mip-cmor-tables:miptables/variables/table-specific/obmonlev-co3"
    },
    {
      "@id": "mip-cmor-tables:miptables/variables/table-specific/obmonlev-co3abio"
    },
    {
      "@id": "mip-cmor-tables:miptables/variables/table-specific/obmonlev-co3nat"
    },
    {
      "@id": "mip-cmor-tables:miptables/variables/table-specific/obmonlev-co3satarag"
    },
    {
      "@id": "mip-cmor-tables:miptables/variables/table-specific/obmonlev-co3satcalc"
    },
    {
      "@id": "mip-cmor-tables:miptables/variables/table-specific/obmonlev-detoc"
    },
    {
      "@id": "mip-cmor-tables:miptables/variables/table-specific/obmonlev-dfe"
    },
    {
      "@id": "mip-cmor-tables:miptables/variables/table-specific/obmonlev-dissi13c"
    },
    {
      "@id": "mip-cmor-tables:miptables/variables/table-specific/obmonlev-dissi14c"
    },
    {
      "@id": "mip-cmor-tables:miptables/variables/table-specific/obmonlev-dissi14cabio"
    },
    {
      "@id": "mip-cmor-tables:miptables/variables/table-specific/obmonlev-dissic"
    },
    {
      "@id": "mip-cmor-tables:miptables/variables/table-specific/obmonlev-dissicabio"
    },
    {
      "@id": "mip-cmor-tables:miptables/variables/table-specific/obmonlev-dissicnat"
    },
    {
      "@id": "mip-cmor-tables:miptables/variables/table-specific/obmonlev-dissoc"
    },
    {
      "@id": "mip-cmor-tables:miptables/variables/table-specific/obmonlev-dmso"
    },
    {
      "@id": "mip-cmor-tables:miptables/variables/table-specific/obmonlev-exparag"
    },
    {
      "@id": "mip-cmor-tables:miptables/variables/table-specific/obmonlev-expc"
    },
    {
      "@id": "mip-cmor-tables:miptables/variables/table-specific/obmonlev-expcalc"
    },
    {
      "@id": "mip-cmor-tables:miptables/variables/table-specific/obmonlev-expfe"
    },
    {
      "@id": "mip-cmor-tables:miptables/variables/table-specific/obmonlev-expn"
    },
    {
      "@id": "mip-cmor-tables:miptables/variables/table-specific/obmonlev-expp"
    },
    {
      "@id": "mip-cmor-tables:miptables/variables/table-specific/obmonlev-expsi"
    },
    {
      "@id": "mip-cmor-tables:miptables/variables/table-specific/obmonlev-graz"
    },
    {
      "@id": "mip-cmor-tables:miptables/variables/table-specific/obmonlev-nh4"
    },
    {
      "@id": "mip-cmor-tables:miptables/variables/table-specific/obmonlev-no3"
    },
    {
      "@id": "mip-cmor-tables:miptables/variables/table-specific/obmonlev-o2"
    },
    {
      "@id": "mip-cmor-tables:miptables/variables/table-specific/obmonlev-o2sat"
    },
    {
      "@id": "mip-cmor-tables:miptables/variables/table-specific/obmonlev-ph"
    },
    {
      "@id": "mip-cmor-tables:miptables/variables/table-specific/obmonlev-phabio"
    },
    {
      "@id": "mip-cmor-tables:miptables/variables/table-specific/obmonlev-phnat"
    },
    {
      "@id": "mip-cmor-tables:miptables/variables/table-specific/obmonlev-phyc"
    },
    {
      "@id": "mip-cmor-tables:miptables/variables/table-specific/obmonlev-phycalc"
    },
    {
      "@id": "mip-cmor-tables:miptables/variables/table-specific/obmonlev-phydiat"
    },
    {
      "@id": "mip-cmor-tables:miptables/variables/table-specific/obmonlev-phydiaz"
    },
    {
      "@id": "mip-cmor-tables:miptables/variables/table-specific/obmonlev-phyfe"
    },
    {
      "@id": "mip-cmor-tables:miptables/variables/table-specific/obmonlev-phymisc"
    },
    {
      "@id": "mip-cmor-tables:miptables/variables/table-specific/obmonlev-phyn"
    },
    {
      "@id": "mip-cmor-tables:miptables/variables/table-specific/obmonlev-phyp"
    },
    {
      "@id": "mip-cmor-tables:miptables/variables/table-specific/obmonlev-phypico"
    },
    {
      "@id": "mip-cmor-tables:miptables/variables/table-specific/obmonlev-physi"
    },
    {
      "@id": "mip-cmor-tables:miptables/variables/table-specific/obmonlev-po4"
    },
    {
      "@id": "mip-cmor-tables:miptables/variables/table-specific/obmonlev-pon"
    },
    {
      "@id": "mip-cmor-tables:miptables/variables/table-specific/obmonlev-pop"
    },
    {
      "@id": "mip-cmor-tables:miptables/variables/table-specific/obmonlev-pp"
    },
    {
      "@id": "mip-cmor-tables:miptables/variables/table-specific/obmonlev-ppcalc"
    },
    {
      "@id": "mip-cmor-tables:miptables/variables/table-specific/obmonlev-ppdiat"
    },
    {
      "@id": "mip-cmor-tables:miptables/variables/table-specific/obmonlev-ppdiaz"
    },
    {
      "@id": "mip-cmor-tables:miptables/variables/table-specific/obmonlev-ppmisc"
    },
    {
      "@id": "mip-cmor-tables:miptables/variables/table-specific/obmonlev-pppico"
    },
    {
      "@id": "mip-cmor-tables:miptables/variables/table-specific/obmonlev-si"
    },
    {
      "@id": "mip-cmor-tables:miptables/variables/table-specific/obmonlev-talk"
    },
    {
      "@id": "mip-cmor-tables:miptables/variables/table-specific/obmonlev-talknat"
    },
    {
      "@id": "mip-cmor-tables:miptables/variables/table-specific/obmonlev-zmeso"
    },
    {
      "@id": "mip-cmor-tables:miptables/variables/table-specific/obmonlev-zmicro"
    },
    {
      "@id": "mip-cmor-tables:miptables/variables/table-specific/obmonlev-zmisc"
    },
    {
      "@id": "mip-cmor-tables:miptables/variables/table-specific/obmonlev-zooc"
    }
  ]
}
