{
  "@id": "mip-cmor-tables:miptables/tables/obyrlev",
  "@type": "dr-table",
  "table:approx_interval": 365.0,
  "table:checksum": "",
  "table:cmor_version": "3.8.0",
  "table:conventions": "CF-1.7 CMIP-6.5",
  "table:data_specs_version": "6.5.0.0",
  "table:generic_levels": [
    "olevel",
    "olevhalf"
  ],
  "table:int_missing_value": "-999",
  "table:missing_value": "1e20",
  "table:product": {
    "@id": "mip-cmor-tables:auxillary/product/model-output"
  },
  "table:release": "v6.5.0.2",
  "table:table_date": "2023-11-16",
  "table:table_id": "OByrLev",
  "table:variable_entry": [
    {
      "@id": "mip-cmor-tables:miptables/variables/table-specific/obyrlev-arag"
    },
    {
      "@id": "mip-cmor-tables:miptables/variables/table-specific/obyrlev-bacc"
    },
    {
      "@id": "mip-cmor-tables:miptables/variables/table-specific/obyrlev-bddtalk"
    },
    {
      "@id": "mip-cmor-tables:miptables/variables/table-specific/obyrlev-bddtdic"
    },
    {
      "@id": "mip-cmor-tables:miptables/variables/table-specific/obyrlev-bddtdife"
    },
    {
      "@id": "mip-cmor-tables:miptables/variables/table-specific/obyrlev-bddtdin"
    },
    {
      "@id": "mip-cmor-tables:miptables/variables/table-specific/obyrlev-bddtdip"
    },
    {
      "@id": "mip-cmor-tables:miptables/variables/table-specific/obyrlev-bddtdisi"
    },
    {
      "@id": "mip-cmor-tables:miptables/variables/table-specific/obyrlev-bfe"
    },
    {
      "@id": "mip-cmor-tables:miptables/variables/table-specific/obyrlev-bsi"
    },
    {
      "@id": "mip-cmor-tables:miptables/variables/table-specific/obyrlev-calc"
    },
    {
      "@id": "mip-cmor-tables:miptables/variables/table-specific/obyrlev-chl"
    },
    {
      "@id": "mip-cmor-tables:miptables/variables/table-specific/obyrlev-chlcalc"
    },
    {
      "@id": "mip-cmor-tables:miptables/variables/table-specific/obyrlev-chldiat"
    },
    {
      "@id": "mip-cmor-tables:miptables/variables/table-specific/obyrlev-chldiaz"
    },
    {
      "@id": "mip-cmor-tables:miptables/variables/table-specific/obyrlev-chlmisc"
    },
    {
      "@id": "mip-cmor-tables:miptables/variables/table-specific/obyrlev-chlpico"
    },
    {
      "@id": "mip-cmor-tables:miptables/variables/table-specific/obyrlev-co3"
    },
    {
      "@id": "mip-cmor-tables:miptables/variables/table-specific/obyrlev-co3abio"
    },
    {
      "@id": "mip-cmor-tables:miptables/variables/table-specific/obyrlev-co3nat"
    },
    {
      "@id": "mip-cmor-tables:miptables/variables/table-specific/obyrlev-co3satarag"
    },
    {
      "@id": "mip-cmor-tables:miptables/variables/table-specific/obyrlev-co3satcalc"
    },
    {
      "@id": "mip-cmor-tables:miptables/variables/table-specific/obyrlev-darag"
    },
    {
      "@id": "mip-cmor-tables:miptables/variables/table-specific/obyrlev-dcalc"
    },
    {
      "@id": "mip-cmor-tables:miptables/variables/table-specific/obyrlev-detoc"
    },
    {
      "@id": "mip-cmor-tables:miptables/variables/table-specific/obyrlev-dfe"
    },
    {
      "@id": "mip-cmor-tables:miptables/variables/table-specific/obyrlev-dissi13c"
    },
    {
      "@id": "mip-cmor-tables:miptables/variables/table-specific/obyrlev-dissi14cabio"
    },
    {
      "@id": "mip-cmor-tables:miptables/variables/table-specific/obyrlev-dissic"
    },
    {
      "@id": "mip-cmor-tables:miptables/variables/table-specific/obyrlev-dissicabio"
    },
    {
      "@id": "mip-cmor-tables:miptables/variables/table-specific/obyrlev-dissicnat"
    },
    {
      "@id": "mip-cmor-tables:miptables/variables/table-specific/obyrlev-dissoc"
    },
    {
      "@id": "mip-cmor-tables:miptables/variables/table-specific/obyrlev-dmso"
    },
    {
      "@id": "mip-cmor-tables:miptables/variables/table-specific/obyrlev-exparag"
    },
    {
      "@id": "mip-cmor-tables:miptables/variables/table-specific/obyrlev-expc"
    },
    {
      "@id": "mip-cmor-tables:miptables/variables/table-specific/obyrlev-expcalc"
    },
    {
      "@id": "mip-cmor-tables:miptables/variables/table-specific/obyrlev-expfe"
    },
    {
      "@id": "mip-cmor-tables:miptables/variables/table-specific/obyrlev-expn"
    },
    {
      "@id": "mip-cmor-tables:miptables/variables/table-specific/obyrlev-expp"
    },
    {
      "@id": "mip-cmor-tables:miptables/variables/table-specific/obyrlev-expsi"
    },
    {
      "@id": "mip-cmor-tables:miptables/variables/table-specific/obyrlev-fediss"
    },
    {
      "@id": "mip-cmor-tables:miptables/variables/table-specific/obyrlev-fescav"
    },
    {
      "@id": "mip-cmor-tables:miptables/variables/table-specific/obyrlev-graz"
    },
    {
      "@id": "mip-cmor-tables:miptables/variables/table-specific/obyrlev-nh4"
    },
    {
      "@id": "mip-cmor-tables:miptables/variables/table-specific/obyrlev-no3"
    },
    {
      "@id": "mip-cmor-tables:miptables/variables/table-specific/obyrlev-o2"
    },
    {
      "@id": "mip-cmor-tables:miptables/variables/table-specific/obyrlev-o2sat"
    },
    {
      "@id": "mip-cmor-tables:miptables/variables/table-specific/obyrlev-parag"
    },
    {
      "@id": "mip-cmor-tables:miptables/variables/table-specific/obyrlev-pbfe"
    },
    {
      "@id": "mip-cmor-tables:miptables/variables/table-specific/obyrlev-pbsi"
    },
    {
      "@id": "mip-cmor-tables:miptables/variables/table-specific/obyrlev-pcalc"
    },
    {
      "@id": "mip-cmor-tables:miptables/variables/table-specific/obyrlev-ph"
    },
    {
      "@id": "mip-cmor-tables:miptables/variables/table-specific/obyrlev-phabio"
    },
    {
      "@id": "mip-cmor-tables:miptables/variables/table-specific/obyrlev-phnat"
    },
    {
      "@id": "mip-cmor-tables:miptables/variables/table-specific/obyrlev-phyc"
    },
    {
      "@id": "mip-cmor-tables:miptables/variables/table-specific/obyrlev-phycalc"
    },
    {
      "@id": "mip-cmor-tables:miptables/variables/table-specific/obyrlev-phydiat"
    },
    {
      "@id": "mip-cmor-tables:miptables/variables/table-specific/obyrlev-phydiaz"
    },
    {
      "@id": "mip-cmor-tables:miptables/variables/table-specific/obyrlev-phyfe"
    },
    {
      "@id": "mip-cmor-tables:miptables/variables/table-specific/obyrlev-phymisc"
    },
    {
      "@id": "mip-cmor-tables:miptables/variables/table-specific/obyrlev-phyn"
    },
    {
      "@id": "mip-cmor-tables:miptables/variables/table-specific/obyrlev-phyp"
    },
    {
      "@id": "mip-cmor-tables:miptables/variables/table-specific/obyrlev-phypico"
    },
    {
      "@id": "mip-cmor-tables:miptables/variables/table-specific/obyrlev-physi"
    },
    {
      "@id": "mip-cmor-tables:miptables/variables/table-specific/obyrlev-pnitrate"
    },
    {
      "@id": "mip-cmor-tables:miptables/variables/table-specific/obyrlev-po4"
    },
    {
      "@id": "mip-cmor-tables:miptables/variables/table-specific/obyrlev-pon"
    },
    {
      "@id": "mip-cmor-tables:miptables/variables/table-specific/obyrlev-pop"
    },
    {
      "@id": "mip-cmor-tables:miptables/variables/table-specific/obyrlev-pp"
    },
    {
      "@id": "mip-cmor-tables:miptables/variables/table-specific/obyrlev-ppcalc"
    },
    {
      "@id": "mip-cmor-tables:miptables/variables/table-specific/obyrlev-ppdiat"
    },
    {
      "@id": "mip-cmor-tables:miptables/variables/table-specific/obyrlev-ppdiaz"
    },
    {
      "@id": "mip-cmor-tables:miptables/variables/table-specific/obyrlev-ppmisc"
    },
    {
      "@id": "mip-cmor-tables:miptables/variables/table-specific/obyrlev-pppico"
    },
    {
      "@id": "mip-cmor-tables:miptables/variables/table-specific/obyrlev-remoc"
    },
    {
      "@id": "mip-cmor-tables:miptables/variables/table-specific/obyrlev-si"
    },
    {
      "@id": "mip-cmor-tables:miptables/variables/table-specific/obyrlev-talk"
    },
    {
      "@id": "mip-cmor-tables:miptables/variables/table-specific/obyrlev-talknat"
    },
    {
      "@id": "mip-cmor-tables:miptables/variables/table-specific/obyrlev-zmeso"
    },
    {
      "@id": "mip-cmor-tables:miptables/variables/table-specific/obyrlev-zmicro"
    },
    {
      "@id": "mip-cmor-tables:miptables/variables/table-specific/obyrlev-zmisc"
    },
    {
      "@id": "mip-cmor-tables:miptables/variables/table-specific/obyrlev-zooc"
    }
  ]
}
