{
  "@id": "mip-cmor-tables:miptables/tables/opday",
  "@type": "dr-table",
  "table:approx_interval": 1.0,
  "table:checksum": "",
  "table:cmor_version": "3.8.0",
  "table:conventions": "CF-1.7 CMIP-6.5",
  "table:data_specs_version": "6.5.0.0",
  "table:generic_levels": [],
  "table:int_missing_value": "-999",
  "table:missing_value": "1e20",
  "table:product": {
    "@id": "mip-cmor-tables:auxillary/product/model-output"
  },
  "table:release": "v6.5.0.2",
  "table:table_date": "2024-02-28",
  "table:table_id": "OPday",
  "table:variable_entry": [
    {
      "@id": "mip-cmor-tables:miptables/variables/table-specific/opday-mlotst"
    },
    {
      "@id": "mip-cmor-tables:miptables/variables/table-specific/opday-omldamax"
    },
    {
      "@id": "mip-cmor-tables:miptables/variables/table-specific/opday-sos"
    },
    {
      "@id": "mip-cmor-tables:miptables/variables/table-specific/opday-sossq"
    },
    {
      "@id": "mip-cmor-tables:miptables/variables/table-specific/opday-t20d"
    },
    {
      "@id": "mip-cmor-tables:miptables/variables/table-specific/opday-tos"
    },
    {
      "@id": "mip-cmor-tables:miptables/variables/table-specific/opday-tossq"
    }
  ]
}
