{
  "@id": "mip-cmor-tables:miptables/tables/opdeclev",
  "@type": "dr-table",
  "table:approx_interval": 3650.0,
  "table:checksum": "",
  "table:cmor_version": "3.8.0",
  "table:conventions": "CF-1.7 CMIP-6.5",
  "table:data_specs_version": "6.5.0.0",
  "table:generic_levels": [
    "olevel",
    "olevhalf"
  ],
  "table:int_missing_value": "-999",
  "table:missing_value": "1e20",
  "table:product": {
    "@id": "mip-cmor-tables:auxillary/product/model-output"
  },
  "table:release": "v6.5.0.2",
  "table:table_date": "2024-02-28",
  "table:table_id": "OPdecLev",
  "table:variable_entry": [
    {
      "@id": "mip-cmor-tables:miptables/variables/table-specific/opdeclev-agessc"
    },
    {
      "@id": "mip-cmor-tables:miptables/variables/table-specific/opdeclev-bigthetao"
    },
    {
      "@id": "mip-cmor-tables:miptables/variables/table-specific/opdeclev-masscello"
    },
    {
      "@id": "mip-cmor-tables:miptables/variables/table-specific/opdeclev-msftyz"
    },
    {
      "@id": "mip-cmor-tables:miptables/variables/table-specific/opdeclev-so"
    },
    {
      "@id": "mip-cmor-tables:miptables/variables/table-specific/opdeclev-thetao"
    },
    {
      "@id": "mip-cmor-tables:miptables/variables/table-specific/opdeclev-thkcello"
    },
    {
      "@id": "mip-cmor-tables:miptables/variables/table-specific/opdeclev-uo"
    },
    {
      "@id": "mip-cmor-tables:miptables/variables/table-specific/opdeclev-vo"
    },
    {
      "@id": "mip-cmor-tables:miptables/variables/table-specific/opdeclev-volcello"
    },
    {
      "@id": "mip-cmor-tables:miptables/variables/table-specific/opdeclev-wo"
    }
  ]
}
