{
  "@id": "mip-cmor-tables:miptables/tables/opdec",
  "@type": "dr-table",
  "table:approx_interval": 3650.0,
  "table:checksum": "",
  "table:cmor_version": "3.8.0",
  "table:conventions": "CF-1.7 CMIP-6.5",
  "table:data_specs_version": "6.5.0.0",
  "table:generic_levels": [],
  "table:int_missing_value": "-999",
  "table:missing_value": "1e20",
  "table:product": {
    "@id": "mip-cmor-tables:auxillary/product/model-output"
  },
  "table:release": "v6.5.0.2",
  "table:table_date": "2024-02-28",
  "table:table_id": "OPdec",
  "table:variable_entry": [
    {
      "@id": "mip-cmor-tables:miptables/variables/table-specific/opdec-bigthetaoga"
    },
    {
      "@id": "mip-cmor-tables:miptables/variables/table-specific/opdec-hfds"
    },
    {
      "@id": "mip-cmor-tables:miptables/variables/table-specific/opdec-masso"
    },
    {
      "@id": "mip-cmor-tables:miptables/variables/table-specific/opdec-msftyrho"
    },
    {
      "@id": "mip-cmor-tables:miptables/variables/table-specific/opdec-sfdsi"
    },
    {
      "@id": "mip-cmor-tables:miptables/variables/table-specific/opdec-sfriver"
    },
    {
      "@id": "mip-cmor-tables:miptables/variables/table-specific/opdec-soga"
    },
    {
      "@id": "mip-cmor-tables:miptables/variables/table-specific/opdec-sos"
    },
    {
      "@id": "mip-cmor-tables:miptables/variables/table-specific/opdec-sosga"
    },
    {
      "@id": "mip-cmor-tables:miptables/variables/table-specific/opdec-tauuo"
    },
    {
      "@id": "mip-cmor-tables:miptables/variables/table-specific/opdec-tauvo"
    },
    {
      "@id": "mip-cmor-tables:miptables/variables/table-specific/opdec-thetaoga"
    },
    {
      "@id": "mip-cmor-tables:miptables/variables/table-specific/opdec-tos"
    },
    {
      "@id": "mip-cmor-tables:miptables/variables/table-specific/opdec-tosga"
    },
    {
      "@id": "mip-cmor-tables:miptables/variables/table-specific/opdec-volo"
    },
    {
      "@id": "mip-cmor-tables:miptables/variables/table-specific/opdec-wfo"
    }
  ]
}
