{
  "@id": "mip-cmor-tables:miptables/tables/opdecz",
  "@type": "dr-table",
  "table:approx_interval": 3650.0,
  "table:checksum": "",
  "table:cmor_version": "3.8.0",
  "table:conventions": "CF-1.7 CMIP-6.5",
  "table:data_specs_version": "6.5.0.0",
  "table:generic_levels": [],
  "table:int_missing_value": "-999",
  "table:missing_value": "1e20",
  "table:product": {
    "@id": "mip-cmor-tables:auxillary/product/model-output"
  },
  "table:release": "v6.5.0.2",
  "table:table_date": "2023-11-16",
  "table:table_id": "OPdecZ",
  "table:variable_entry": [
    {
      "@id": "mip-cmor-tables:miptables/variables/table-specific/opdecz-hfbasin"
    },
    {
      "@id": "mip-cmor-tables:miptables/variables/table-specific/opdecz-msftmrho"
    },
    {
      "@id": "mip-cmor-tables:miptables/variables/table-specific/opdecz-msftmz"
    }
  ]
}
