{
  "@id": "mip-cmor-tables:miptables/tables/opmon",
  "@type": "dr-table",
  "table:approx_interval": 30.0,
  "table:checksum": "",
  "table:cmor_version": "3.8.0",
  "table:conventions": "CF-1.7 CMIP-6.5",
  "table:data_specs_version": "6.5.0.0",
  "table:generic_levels": [],
  "table:int_missing_value": "-999",
  "table:missing_value": "1e20",
  "table:product": {
    "@id": "mip-cmor-tables:auxillary/product/model-output"
  },
  "table:release": "v6.5.0.2",
  "table:table_date": "2024-02-28",
  "table:table_id": "OPmon",
  "table:variable_entry": [
    {
      "@id": "mip-cmor-tables:miptables/variables/table-specific/opmon-bigthetaoga"
    },
    {
      "@id": "mip-cmor-tables:miptables/variables/table-specific/opmon-evs"
    },
    {
      "@id": "mip-cmor-tables:miptables/variables/table-specific/opmon-fgcfc11"
    },
    {
      "@id": "mip-cmor-tables:miptables/variables/table-specific/opmon-fgcfc12"
    },
    {
      "@id": "mip-cmor-tables:miptables/variables/table-specific/opmon-fgsf6"
    },
    {
      "@id": "mip-cmor-tables:miptables/variables/table-specific/opmon-ficeberg2d"
    },
    {
      "@id": "mip-cmor-tables:miptables/variables/table-specific/opmon-flandice"
    },
    {
      "@id": "mip-cmor-tables:miptables/variables/table-specific/opmon-friver"
    },
    {
      "@id": "mip-cmor-tables:miptables/variables/table-specific/opmon-fsitherm"
    },
    {
      "@id": "mip-cmor-tables:miptables/variables/table-specific/opmon-hfcorr"
    },
    {
      "@id": "mip-cmor-tables:miptables/variables/table-specific/opmon-hfds"
    },
    {
      "@id": "mip-cmor-tables:miptables/variables/table-specific/opmon-hfevapds"
    },
    {
      "@id": "mip-cmor-tables:miptables/variables/table-specific/opmon-hfgeou"
    },
    {
      "@id": "mip-cmor-tables:miptables/variables/table-specific/opmon-hfibthermds2d"
    },
    {
      "@id": "mip-cmor-tables:miptables/variables/table-specific/opmon-hflso"
    },
    {
      "@id": "mip-cmor-tables:miptables/variables/table-specific/opmon-hfrainds"
    },
    {
      "@id": "mip-cmor-tables:miptables/variables/table-specific/opmon-hfrunoffds2d"
    },
    {
      "@id": "mip-cmor-tables:miptables/variables/table-specific/opmon-hfsifrazil2d"
    },
    {
      "@id": "mip-cmor-tables:miptables/variables/table-specific/opmon-hfsnthermds2d"
    },
    {
      "@id": "mip-cmor-tables:miptables/variables/table-specific/opmon-hfsso"
    },
    {
      "@id": "mip-cmor-tables:miptables/variables/table-specific/opmon-hfx"
    },
    {
      "@id": "mip-cmor-tables:miptables/variables/table-specific/opmon-hfy"
    },
    {
      "@id": "mip-cmor-tables:miptables/variables/table-specific/opmon-masso"
    },
    {
      "@id": "mip-cmor-tables:miptables/variables/table-specific/opmon-mfo"
    },
    {
      "@id": "mip-cmor-tables:miptables/variables/table-specific/opmon-mlotst"
    },
    {
      "@id": "mip-cmor-tables:miptables/variables/table-specific/opmon-mlotstmax"
    },
    {
      "@id": "mip-cmor-tables:miptables/variables/table-specific/opmon-mlotstmin"
    },
    {
      "@id": "mip-cmor-tables:miptables/variables/table-specific/opmon-mlotstsq"
    },
    {
      "@id": "mip-cmor-tables:miptables/variables/table-specific/opmon-msftbarot"
    },
    {
      "@id": "mip-cmor-tables:miptables/variables/table-specific/opmon-msftyrho"
    },
    {
      "@id": "mip-cmor-tables:miptables/variables/table-specific/opmon-msftyrhompa"
    },
    {
      "@id": "mip-cmor-tables:miptables/variables/table-specific/opmon-ocontempmint"
    },
    {
      "@id": "mip-cmor-tables:miptables/variables/table-specific/opmon-opottempmint"
    },
    {
      "@id": "mip-cmor-tables:miptables/variables/table-specific/opmon-pbo"
    },
    {
      "@id": "mip-cmor-tables:miptables/variables/table-specific/opmon-prsn"
    },
    {
      "@id": "mip-cmor-tables:miptables/variables/table-specific/opmon-pso"
    },
    {
      "@id": "mip-cmor-tables:miptables/variables/table-specific/opmon-rlntds"
    },
    {
      "@id": "mip-cmor-tables:miptables/variables/table-specific/opmon-rsntds"
    },
    {
      "@id": "mip-cmor-tables:miptables/variables/table-specific/opmon-sfdsi"
    },
    {
      "@id": "mip-cmor-tables:miptables/variables/table-specific/opmon-sfriver"
    },
    {
      "@id": "mip-cmor-tables:miptables/variables/table-specific/opmon-sob"
    },
    {
      "@id": "mip-cmor-tables:miptables/variables/table-specific/opmon-soga"
    },
    {
      "@id": "mip-cmor-tables:miptables/variables/table-specific/opmon-somint"
    },
    {
      "@id": "mip-cmor-tables:miptables/variables/table-specific/opmon-sos"
    },
    {
      "@id": "mip-cmor-tables:miptables/variables/table-specific/opmon-sosga"
    },
    {
      "@id": "mip-cmor-tables:miptables/variables/table-specific/opmon-sossq"
    },
    {
      "@id": "mip-cmor-tables:miptables/variables/table-specific/opmon-t20d"
    },
    {
      "@id": "mip-cmor-tables:miptables/variables/table-specific/opmon-tauucorr"
    },
    {
      "@id": "mip-cmor-tables:miptables/variables/table-specific/opmon-tauuo"
    },
    {
      "@id": "mip-cmor-tables:miptables/variables/table-specific/opmon-tauvcorr"
    },
    {
      "@id": "mip-cmor-tables:miptables/variables/table-specific/opmon-tauvo"
    },
    {
      "@id": "mip-cmor-tables:miptables/variables/table-specific/opmon-thetaoga"
    },
    {
      "@id": "mip-cmor-tables:miptables/variables/table-specific/opmon-thetaot"
    },
    {
      "@id": "mip-cmor-tables:miptables/variables/table-specific/opmon-thetaot2000"
    },
    {
      "@id": "mip-cmor-tables:miptables/variables/table-specific/opmon-thetaot300"
    },
    {
      "@id": "mip-cmor-tables:miptables/variables/table-specific/opmon-thetaot700"
    },
    {
      "@id": "mip-cmor-tables:miptables/variables/table-specific/opmon-tob"
    },
    {
      "@id": "mip-cmor-tables:miptables/variables/table-specific/opmon-tos"
    },
    {
      "@id": "mip-cmor-tables:miptables/variables/table-specific/opmon-tosga"
    },
    {
      "@id": "mip-cmor-tables:miptables/variables/table-specific/opmon-tossq"
    },
    {
      "@id": "mip-cmor-tables:miptables/variables/table-specific/opmon-volo"
    },
    {
      "@id": "mip-cmor-tables:miptables/variables/table-specific/opmon-vsf"
    },
    {
      "@id": "mip-cmor-tables:miptables/variables/table-specific/opmon-vsfcorr"
    },
    {
      "@id": "mip-cmor-tables:miptables/variables/table-specific/opmon-vsfevap"
    },
    {
      "@id": "mip-cmor-tables:miptables/variables/table-specific/opmon-vsfpr"
    },
    {
      "@id": "mip-cmor-tables:miptables/variables/table-specific/opmon-vsfriver"
    },
    {
      "@id": "mip-cmor-tables:miptables/variables/table-specific/opmon-vsfsit"
    },
    {
      "@id": "mip-cmor-tables:miptables/variables/table-specific/opmon-wfcorr"
    },
    {
      "@id": "mip-cmor-tables:miptables/variables/table-specific/opmon-wfo"
    },
    {
      "@id": "mip-cmor-tables:miptables/variables/table-specific/opmon-wfonocorr"
    },
    {
      "@id": "mip-cmor-tables:miptables/variables/table-specific/opmon-zos"
    },
    {
      "@id": "mip-cmor-tables:miptables/variables/table-specific/opmon-zossq"
    },
    {
      "@id": "mip-cmor-tables:miptables/variables/table-specific/opmon-zostoga"
    }
  ]
}
