{
  "@id": "mip-cmor-tables:miptables/tables/opmonz",
  "@type": "dr-table",
  "table:approx_interval": 30.0,
  "table:checksum": "",
  "table:cmor_version": "3.8.0",
  "table:conventions": "CF-1.7 CMIP-6.5",
  "table:data_specs_version": "6.5.0.0",
  "table:generic_levels": [],
  "table:int_missing_value": "-999",
  "table:missing_value": "1e20",
  "table:product": {
    "@id": "mip-cmor-tables:auxillary/product/model-output"
  },
  "table:release": "v6.5.0.2",
  "table:table_date": "2024-02-28",
  "table:table_id": "OPmonZ",
  "table:variable_entry": [
    {
      "@id": "mip-cmor-tables:miptables/variables/table-specific/opmonz-hfbasin"
    },
    {
      "@id": "mip-cmor-tables:miptables/variables/table-specific/opmonz-hfbasinpadv"
    },
    {
      "@id": "mip-cmor-tables:miptables/variables/table-specific/opmonz-hfbasinpmadv"
    },
    {
      "@id": "mip-cmor-tables:miptables/variables/table-specific/opmonz-hfbasinpmdiff"
    },
    {
      "@id": "mip-cmor-tables:miptables/variables/table-specific/opmonz-hfbasinpsmadv"
    },
    {
      "@id": "mip-cmor-tables:miptables/variables/table-specific/opmonz-htovgyre"
    },
    {
      "@id": "mip-cmor-tables:miptables/variables/table-specific/opmonz-htovovrt"
    },
    {
      "@id": "mip-cmor-tables:miptables/variables/table-specific/opmonz-msftmrho"
    },
    {
      "@id": "mip-cmor-tables:miptables/variables/table-specific/opmonz-msftmrhompa"
    },
    {
      "@id": "mip-cmor-tables:miptables/variables/table-specific/opmonz-msftmz"
    },
    {
      "@id": "mip-cmor-tables:miptables/variables/table-specific/opmonz-msftmzmpa"
    },
    {
      "@id": "mip-cmor-tables:miptables/variables/table-specific/opmonz-msftmzsmpa"
    },
    {
      "@id": "mip-cmor-tables:miptables/variables/table-specific/opmonz-msftyzsmpa"
    },
    {
      "@id": "mip-cmor-tables:miptables/variables/table-specific/opmonz-sltbasin"
    },
    {
      "@id": "mip-cmor-tables:miptables/variables/table-specific/opmonz-sltovgyre"
    },
    {
      "@id": "mip-cmor-tables:miptables/variables/table-specific/opmonz-sltovovrt"
    }
  ]
}
