{
  "@id": "mip-cmor-tables:miptables/tables/opyrlev",
  "@type": "dr-table",
  "table:approx_interval": 365.0,
  "table:checksum": "",
  "table:cmor_version": "3.8.0",
  "table:conventions": "CF-1.7 CMIP-6.5",
  "table:data_specs_version": "6.5.0.0",
  "table:generic_levels": [
    "olevel",
    "olevhalf"
  ],
  "table:int_missing_value": "-999",
  "table:missing_value": "1e20",
  "table:product": {
    "@id": "mip-cmor-tables:auxillary/product/model-output"
  },
  "table:release": "v6.5.0.2",
  "table:table_date": "2023-11-16",
  "table:table_id": "OPyrLev",
  "table:variable_entry": [
    {
      "@id": "mip-cmor-tables:miptables/variables/table-specific/opyrlev-cfc11"
    },
    {
      "@id": "mip-cmor-tables:miptables/variables/table-specific/opyrlev-cfc12"
    },
    {
      "@id": "mip-cmor-tables:miptables/variables/table-specific/opyrlev-difmxybo"
    },
    {
      "@id": "mip-cmor-tables:miptables/variables/table-specific/opyrlev-difmxylo"
    },
    {
      "@id": "mip-cmor-tables:miptables/variables/table-specific/opyrlev-diftrblo"
    },
    {
      "@id": "mip-cmor-tables:miptables/variables/table-specific/opyrlev-diftrelo"
    },
    {
      "@id": "mip-cmor-tables:miptables/variables/table-specific/opyrlev-difvho"
    },
    {
      "@id": "mip-cmor-tables:miptables/variables/table-specific/opyrlev-difvso"
    },
    {
      "@id": "mip-cmor-tables:miptables/variables/table-specific/opyrlev-ocontempdiff"
    },
    {
      "@id": "mip-cmor-tables:miptables/variables/table-specific/opyrlev-ocontemppadvect"
    },
    {
      "@id": "mip-cmor-tables:miptables/variables/table-specific/opyrlev-ocontemppmdiff"
    },
    {
      "@id": "mip-cmor-tables:miptables/variables/table-specific/opyrlev-ocontemppsmadvect"
    },
    {
      "@id": "mip-cmor-tables:miptables/variables/table-specific/opyrlev-ocontemprmadvect"
    },
    {
      "@id": "mip-cmor-tables:miptables/variables/table-specific/opyrlev-ocontemptend"
    },
    {
      "@id": "mip-cmor-tables:miptables/variables/table-specific/opyrlev-opottempdiff"
    },
    {
      "@id": "mip-cmor-tables:miptables/variables/table-specific/opyrlev-opottemppadvect"
    },
    {
      "@id": "mip-cmor-tables:miptables/variables/table-specific/opyrlev-opottemppmdiff"
    },
    {
      "@id": "mip-cmor-tables:miptables/variables/table-specific/opyrlev-opottemppsmadvect"
    },
    {
      "@id": "mip-cmor-tables:miptables/variables/table-specific/opyrlev-opottemprmadvect"
    },
    {
      "@id": "mip-cmor-tables:miptables/variables/table-specific/opyrlev-opottemptend"
    },
    {
      "@id": "mip-cmor-tables:miptables/variables/table-specific/opyrlev-osaltdiff"
    },
    {
      "@id": "mip-cmor-tables:miptables/variables/table-specific/opyrlev-osaltpadvect"
    },
    {
      "@id": "mip-cmor-tables:miptables/variables/table-specific/opyrlev-osaltpmdiff"
    },
    {
      "@id": "mip-cmor-tables:miptables/variables/table-specific/opyrlev-osaltpsmadvect"
    },
    {
      "@id": "mip-cmor-tables:miptables/variables/table-specific/opyrlev-osaltrmadvect"
    },
    {
      "@id": "mip-cmor-tables:miptables/variables/table-specific/opyrlev-osalttend"
    },
    {
      "@id": "mip-cmor-tables:miptables/variables/table-specific/opyrlev-rsdoabsorb"
    },
    {
      "@id": "mip-cmor-tables:miptables/variables/table-specific/opyrlev-sf6"
    },
    {
      "@id": "mip-cmor-tables:miptables/variables/table-specific/opyrlev-volcello"
    },
    {
      "@id": "mip-cmor-tables:miptables/variables/table-specific/opyrlev-zfullo"
    }
  ]
}
