{
  "$schema": "http://json-schema.org/draft-07/schema#",
  "properties": {
    "@id": {
      "type": "string"
    },
    "@type": {
      "type": "string"
    },
    "table:approx_interval": {
      "type": "number"
    },
    "table:cmor_version": {
      "type": "string"
    },
    "table:conventions": {
      "type": "string"
    },
    "table:data_specs_version": {
      "type": "string"
    },
    "table:generic_levels": {
      "type": "array"
    },
    "table:int_missing_value": {
      "type": "string"
    },
    "table:missing_value": {
      "type": "string"
    },
    "table:product": {
      "properties": {
        "@id": {
          "type": "string"
        }
      },
      "required": [
        "@id"
      ],
      "type": "object"
    },
    "table:release": {
      "type": "string"
    },
    "table:table_date": {
      "type": "string"
    },
    "table:table_id": {
      "type": "string"
    },
    "table:variable_entry": {
      "items": {
        "properties": {
          "@id": {
            "type": "string"
          }
        },
        "required": [
          "@id"
        ],
        "type": "object"
      },
      "type": "array"
    }
  },
  "required": [
    "@id",
    "@type",
    "table:table_id",
    "table:Conventions",
    "table:approx_interval",
    "table:checksum",
    "table:cmor_version",
    "table:release",
    "table:data_specs_version",
    "table:generic_levels",
    "table:int_missing_value",
    "table:missing_value",
    "table:product",
    "table:table_date",
    "table:variable_entry"
  ],
  "type": "object"
}
