{
  "@id": "mip-cmor-tables:miptables/tables/simon",
  "@type": "dr-table",
  "table:approx_interval": 30.0,
  "table:checksum": "",
  "table:cmor_version": "3.8.0",
  "table:conventions": "CF-1.7 CMIP-6.5",
  "table:data_specs_version": "6.5.0.0",
  "table:generic_levels": [],
  "table:int_missing_value": "-999",
  "table:missing_value": "1e20",
  "table:product": {
    "@id": "mip-cmor-tables:auxillary/product/model-output"
  },
  "table:release": "v6.5.0.2",
  "table:table_date": "2024-02-28",
  "table:table_id": "SImon",
  "table:variable_entry": [
    {
      "@id": "mip-cmor-tables:miptables/variables/table-specific/simon-sfdsi"
    },
    {
      "@id": "mip-cmor-tables:miptables/variables/table-specific/simon-siage"
    },
    {
      "@id": "mip-cmor-tables:miptables/variables/table-specific/simon-siareaacrossline"
    },
    {
      "@id": "mip-cmor-tables:miptables/variables/table-specific/simon-siarean"
    },
    {
      "@id": "mip-cmor-tables:miptables/variables/table-specific/simon-siareas"
    },
    {
      "@id": "mip-cmor-tables:miptables/variables/table-specific/simon-sicompstren"
    },
    {
      "@id": "mip-cmor-tables:miptables/variables/table-specific/simon-siconc"
    },
    {
      "@id": "mip-cmor-tables:miptables/variables/table-specific/simon-siconca"
    },
    {
      "@id": "mip-cmor-tables:miptables/variables/table-specific/simon-sidconcdyn"
    },
    {
      "@id": "mip-cmor-tables:miptables/variables/table-specific/simon-sidconcth"
    },
    {
      "@id": "mip-cmor-tables:miptables/variables/table-specific/simon-sidmassdyn"
    },
    {
      "@id": "mip-cmor-tables:miptables/variables/table-specific/simon-sidmassevapsubl"
    },
    {
      "@id": "mip-cmor-tables:miptables/variables/table-specific/simon-sidmassgrowthbot"
    },
    {
      "@id": "mip-cmor-tables:miptables/variables/table-specific/simon-sidmassgrowthwat"
    },
    {
      "@id": "mip-cmor-tables:miptables/variables/table-specific/simon-sidmasslat"
    },
    {
      "@id": "mip-cmor-tables:miptables/variables/table-specific/simon-sidmassmeltbot"
    },
    {
      "@id": "mip-cmor-tables:miptables/variables/table-specific/simon-sidmassmelttop"
    },
    {
      "@id": "mip-cmor-tables:miptables/variables/table-specific/simon-sidmasssi"
    },
    {
      "@id": "mip-cmor-tables:miptables/variables/table-specific/simon-sidmassth"
    },
    {
      "@id": "mip-cmor-tables:miptables/variables/table-specific/simon-sidmasstranx"
    },
    {
      "@id": "mip-cmor-tables:miptables/variables/table-specific/simon-sidmasstrany"
    },
    {
      "@id": "mip-cmor-tables:miptables/variables/table-specific/simon-sidragbot"
    },
    {
      "@id": "mip-cmor-tables:miptables/variables/table-specific/simon-sidragtop"
    },
    {
      "@id": "mip-cmor-tables:miptables/variables/table-specific/simon-siextentn"
    },
    {
      "@id": "mip-cmor-tables:miptables/variables/table-specific/simon-siextents"
    },
    {
      "@id": "mip-cmor-tables:miptables/variables/table-specific/simon-sifb"
    },
    {
      "@id": "mip-cmor-tables:miptables/variables/table-specific/simon-siflcondbot"
    },
    {
      "@id": "mip-cmor-tables:miptables/variables/table-specific/simon-siflcondtop"
    },
    {
      "@id": "mip-cmor-tables:miptables/variables/table-specific/simon-siflfwbot"
    },
    {
      "@id": "mip-cmor-tables:miptables/variables/table-specific/simon-siflfwdrain"
    },
    {
      "@id": "mip-cmor-tables:miptables/variables/table-specific/simon-sifllatstop"
    },
    {
      "@id": "mip-cmor-tables:miptables/variables/table-specific/simon-sifllwdtop"
    },
    {
      "@id": "mip-cmor-tables:miptables/variables/table-specific/simon-sifllwutop"
    },
    {
      "@id": "mip-cmor-tables:miptables/variables/table-specific/simon-siflsenstop"
    },
    {
      "@id": "mip-cmor-tables:miptables/variables/table-specific/simon-siflsensupbot"
    },
    {
      "@id": "mip-cmor-tables:miptables/variables/table-specific/simon-siflswdbot"
    },
    {
      "@id": "mip-cmor-tables:miptables/variables/table-specific/simon-siflswdtop"
    },
    {
      "@id": "mip-cmor-tables:miptables/variables/table-specific/simon-siflswutop"
    },
    {
      "@id": "mip-cmor-tables:miptables/variables/table-specific/simon-siforcecoriolx"
    },
    {
      "@id": "mip-cmor-tables:miptables/variables/table-specific/simon-siforcecorioly"
    },
    {
      "@id": "mip-cmor-tables:miptables/variables/table-specific/simon-siforceintstrx"
    },
    {
      "@id": "mip-cmor-tables:miptables/variables/table-specific/simon-siforceintstry"
    },
    {
      "@id": "mip-cmor-tables:miptables/variables/table-specific/simon-siforcetiltx"
    },
    {
      "@id": "mip-cmor-tables:miptables/variables/table-specific/simon-siforcetilty"
    },
    {
      "@id": "mip-cmor-tables:miptables/variables/table-specific/simon-sihc"
    },
    {
      "@id": "mip-cmor-tables:miptables/variables/table-specific/simon-siitdconc"
    },
    {
      "@id": "mip-cmor-tables:miptables/variables/table-specific/simon-siitdsnconc"
    },
    {
      "@id": "mip-cmor-tables:miptables/variables/table-specific/simon-siitdsnthick"
    },
    {
      "@id": "mip-cmor-tables:miptables/variables/table-specific/simon-siitdthick"
    },
    {
      "@id": "mip-cmor-tables:miptables/variables/table-specific/simon-simass"
    },
    {
      "@id": "mip-cmor-tables:miptables/variables/table-specific/simon-simassacrossline"
    },
    {
      "@id": "mip-cmor-tables:miptables/variables/table-specific/simon-simpconc"
    },
    {
      "@id": "mip-cmor-tables:miptables/variables/table-specific/simon-simpmass"
    },
    {
      "@id": "mip-cmor-tables:miptables/variables/table-specific/simon-simprefrozen"
    },
    {
      "@id": "mip-cmor-tables:miptables/variables/table-specific/simon-sipr"
    },
    {
      "@id": "mip-cmor-tables:miptables/variables/table-specific/simon-sirdgconc"
    },
    {
      "@id": "mip-cmor-tables:miptables/variables/table-specific/simon-sirdgthick"
    },
    {
      "@id": "mip-cmor-tables:miptables/variables/table-specific/simon-sisali"
    },
    {
      "@id": "mip-cmor-tables:miptables/variables/table-specific/simon-sisaltmass"
    },
    {
      "@id": "mip-cmor-tables:miptables/variables/table-specific/simon-sisnconc"
    },
    {
      "@id": "mip-cmor-tables:miptables/variables/table-specific/simon-sisnhc"
    },
    {
      "@id": "mip-cmor-tables:miptables/variables/table-specific/simon-sisnmass"
    },
    {
      "@id": "mip-cmor-tables:miptables/variables/table-specific/simon-sisnthick"
    },
    {
      "@id": "mip-cmor-tables:miptables/variables/table-specific/simon-sispeed"
    },
    {
      "@id": "mip-cmor-tables:miptables/variables/table-specific/simon-sistrxdtop"
    },
    {
      "@id": "mip-cmor-tables:miptables/variables/table-specific/simon-sistrxubot"
    },
    {
      "@id": "mip-cmor-tables:miptables/variables/table-specific/simon-sistrydtop"
    },
    {
      "@id": "mip-cmor-tables:miptables/variables/table-specific/simon-sistryubot"
    },
    {
      "@id": "mip-cmor-tables:miptables/variables/table-specific/simon-sitempbot"
    },
    {
      "@id": "mip-cmor-tables:miptables/variables/table-specific/simon-sitempsnic"
    },
    {
      "@id": "mip-cmor-tables:miptables/variables/table-specific/simon-sitemptop"
    },
    {
      "@id": "mip-cmor-tables:miptables/variables/table-specific/simon-sithick"
    },
    {
      "@id": "mip-cmor-tables:miptables/variables/table-specific/simon-sitimefrac"
    },
    {
      "@id": "mip-cmor-tables:miptables/variables/table-specific/simon-siu"
    },
    {
      "@id": "mip-cmor-tables:miptables/variables/table-specific/simon-siv"
    },
    {
      "@id": "mip-cmor-tables:miptables/variables/table-specific/simon-sivol"
    },
    {
      "@id": "mip-cmor-tables:miptables/variables/table-specific/simon-sivoln"
    },
    {
      "@id": "mip-cmor-tables:miptables/variables/table-specific/simon-sivols"
    },
    {
      "@id": "mip-cmor-tables:miptables/variables/table-specific/simon-sndmassdyn"
    },
    {
      "@id": "mip-cmor-tables:miptables/variables/table-specific/simon-sndmassmelt"
    },
    {
      "@id": "mip-cmor-tables:miptables/variables/table-specific/simon-sndmasssi"
    },
    {
      "@id": "mip-cmor-tables:miptables/variables/table-specific/simon-sndmasssnf"
    },
    {
      "@id": "mip-cmor-tables:miptables/variables/table-specific/simon-sndmasssubl"
    },
    {
      "@id": "mip-cmor-tables:miptables/variables/table-specific/simon-sndmasswindrif"
    },
    {
      "@id": "mip-cmor-tables:miptables/variables/table-specific/simon-snmassacrossline"
    }
  ]
}
