[
  {
    "@id": "../../https://github.com/pcmdi/mip-cmor-tables/blob/main/jsonld/miptables/tables/ae1hr.json",
    "@type": "version",
    "version:commit": {
      "author": {
        "email": "daniel.ellis@ext.esa.int",
        "name": "Daniel"
      },
      "hash": "5e9f49b8d90ab18b141737bf72b55534296a61af",
      "message": "adding JSON-ld files"
    },
    "version:data": {
      "@id": "../../mip-cmor-tables:miptables/tables/ae1hr"
    },
    "version:date": "2024-06-11T18:58:05+01:00",
    "version:file": "../../JSONLD/miptables/tables/ae1hr.json",
    "version:previous_updates": 1,
    "version:release": {
      "cmip6plus": "v6.5.1.4",
      "mip-cmor-tables": "v6.5.0.2"
    }
  },
  {
    "@id": "../../https://github.com/pcmdi/mip-cmor-tables/blob/main/jsonld/miptables/tables/apday.json",
    "@type": "version",
    "version:commit": {
      "author": {
        "email": "daniel.ellis@ext.esa.int",
        "name": "Daniel"
      },
      "hash": "5e9f49b8d90ab18b141737bf72b55534296a61af",
      "message": "adding JSON-ld files"
    },
    "version:data": {
      "@id": "../../mip-cmor-tables:miptables/tables/apday"
    },
    "version:date": "2024-06-11T18:58:05+01:00",
    "version:file": "../../JSONLD/miptables/tables/apday.json",
    "version:previous_updates": 1,
    "version:release": {
      "cmip6plus": "v6.5.1.4",
      "mip-cmor-tables": "v6.5.0.2"
    }
  },
  {
    "@id": "../../https://github.com/pcmdi/mip-cmor-tables/blob/main/jsonld/miptables/tables/aeday.json",
    "@type": "version",
    "version:commit": {
      "author": {
        "email": "daniel.ellis@ext.esa.int",
        "name": "Daniel"
      },
      "hash": "5e9f49b8d90ab18b141737bf72b55534296a61af",
      "message": "adding JSON-ld files"
    },
    "version:data": {
      "@id": "../../mip-cmor-tables:miptables/tables/aeday"
    },
    "version:date": "2024-06-11T18:58:05+01:00",
    "version:file": "../../JSONLD/miptables/tables/aeday.json",
    "version:previous_updates": 1,
    "version:release": {
      "cmip6plus": "v6.5.1.4",
      "mip-cmor-tables": "v6.5.0.2"
    }
  },
  {
    "@id": "../../https://github.com/pcmdi/mip-cmor-tables/blob/main/jsonld/miptables/tables/opmon.json",
    "@type": "version",
    "version:commit": {
      "author": {
        "email": "daniel.ellis@ext.esa.int",
        "name": "Daniel"
      },
      "hash": "5e9f49b8d90ab18b141737bf72b55534296a61af",
      "message": "adding JSON-ld files"
    },
    "version:data": {
      "@id": "../../mip-cmor-tables:miptables/tables/opmon"
    },
    "version:date": "2024-06-11T18:58:05+01:00",
    "version:file": "../../JSONLD/miptables/tables/opmon.json",
    "version:previous_updates": 1,
    "version:release": {
      "cmip6plus": "v6.5.1.4",
      "mip-cmor-tables": "v6.5.0.2"
    }
  },
  {
    "@id": "../../https://github.com/pcmdi/mip-cmor-tables/blob/main/jsonld/miptables/tables/aemonlev.json",
    "@type": "version",
    "version:commit": {
      "author": {
        "email": "daniel.ellis@ext.esa.int",
        "name": "Daniel"
      },
      "hash": "5e9f49b8d90ab18b141737bf72b55534296a61af",
      "message": "adding JSON-ld files"
    },
    "version:data": {
      "@id": "../../mip-cmor-tables:miptables/tables/aemonlev"
    },
    "version:date": "2024-06-11T18:58:05+01:00",
    "version:file": "../../JSONLD/miptables/tables/aemonlev.json",
    "version:previous_updates": 1,
    "version:release": {
      "cmip6plus": "v6.5.1.4",
      "mip-cmor-tables": "v6.5.0.2"
    }
  },
  {
    "@id": "../../https://github.com/pcmdi/mip-cmor-tables/blob/main/jsonld/miptables/tables/li3hrpt.json",
    "@type": "version",
    "version:commit": {
      "author": {
        "email": "daniel.ellis@ext.esa.int",
        "name": "Daniel"
      },
      "hash": "5e9f49b8d90ab18b141737bf72b55534296a61af",
      "message": "adding JSON-ld files"
    },
    "version:data": {
      "@id": "../../mip-cmor-tables:miptables/tables/li3hrpt"
    },
    "version:date": "2024-06-11T18:58:05+01:00",
    "version:file": "../../JSONLD/miptables/tables/li3hrpt.json",
    "version:previous_updates": 1,
    "version:release": {
      "cmip6plus": "v6.5.1.4",
      "mip-cmor-tables": "v6.5.0.2"
    }
  },
  {
    "@id": "../../https://github.com/pcmdi/mip-cmor-tables/blob/main/jsonld/miptables/tables/obyrlev.json",
    "@type": "version",
    "version:commit": {
      "author": {
        "email": "daniel.ellis@ext.esa.int",
        "name": "Daniel"
      },
      "hash": "5e9f49b8d90ab18b141737bf72b55534296a61af",
      "message": "adding JSON-ld files"
    },
    "version:data": {
      "@id": "../../mip-cmor-tables:miptables/tables/obyrlev"
    },
    "version:date": "2024-06-11T18:58:05+01:00",
    "version:file": "../../JSONLD/miptables/tables/obyrlev.json",
    "version:previous_updates": 1,
    "version:release": {
      "cmip6plus": "v6.5.1.4",
      "mip-cmor-tables": "v6.5.0.2"
    }
  },
  {
    "@id": "../../https://github.com/pcmdi/mip-cmor-tables/blob/main/jsonld/miptables/tables/apfx.json",
    "@type": "version",
    "version:commit": {
      "author": {
        "email": "daniel.ellis@ext.esa.int",
        "name": "Daniel"
      },
      "hash": "5e9f49b8d90ab18b141737bf72b55534296a61af",
      "message": "adding JSON-ld files"
    },
    "version:data": {
      "@id": "../../mip-cmor-tables:miptables/tables/apfx"
    },
    "version:date": "2024-06-11T18:58:05+01:00",
    "version:file": "../../JSONLD/miptables/tables/apfx.json",
    "version:previous_updates": 1,
    "version:release": {
      "cmip6plus": "v6.5.1.4",
      "mip-cmor-tables": "v6.5.0.2"
    }
  },
  {
    "@id": "../../https://github.com/pcmdi/mip-cmor-tables/blob/main/jsonld/miptables/tables/ap3hr.json",
    "@type": "version",
    "version:commit": {
      "author": {
        "email": "daniel.ellis@ext.esa.int",
        "name": "Daniel"
      },
      "hash": "5e9f49b8d90ab18b141737bf72b55534296a61af",
      "message": "adding JSON-ld files"
    },
    "version:data": {
      "@id": "../../mip-cmor-tables:miptables/tables/ap3hr"
    },
    "version:date": "2024-06-11T18:58:05+01:00",
    "version:file": "../../JSONLD/miptables/tables/ap3hr.json",
    "version:previous_updates": 1,
    "version:release": {
      "cmip6plus": "v6.5.1.4",
      "mip-cmor-tables": "v6.5.0.2"
    }
  },
  {
    "@id": "../../https://github.com/pcmdi/mip-cmor-tables/blob/main/jsonld/miptables/tables/gigyr.json",
    "@type": "version",
    "version:commit": {
      "author": {
        "email": "daniel.ellis@ext.esa.int",
        "name": "Daniel"
      },
      "hash": "5e9f49b8d90ab18b141737bf72b55534296a61af",
      "message": "adding JSON-ld files"
    },
    "version:data": {
      "@id": "../../mip-cmor-tables:miptables/tables/gigyr"
    },
    "version:date": "2024-06-11T18:58:05+01:00",
    "version:file": "../../JSONLD/miptables/tables/gigyr.json",
    "version:previous_updates": 1,
    "version:release": {
      "cmip6plus": "v6.5.1.4",
      "mip-cmor-tables": "v6.5.0.2"
    }
  },
  {
    "@id": "../../https://github.com/pcmdi/mip-cmor-tables/blob/main/jsonld/miptables/tables/apmondiurnal.json",
    "@type": "version",
    "version:commit": {
      "author": {
        "email": "daniel.ellis@ext.esa.int",
        "name": "Daniel"
      },
      "hash": "5e9f49b8d90ab18b141737bf72b55534296a61af",
      "message": "adding JSON-ld files"
    },
    "version:data": {
      "@id": "../../mip-cmor-tables:miptables/tables/apmondiurnal"
    },
    "version:date": "2024-06-11T18:58:05+01:00",
    "version:file": "../../JSONLD/miptables/tables/apmondiurnal.json",
    "version:previous_updates": 1,
    "version:release": {
      "cmip6plus": "v6.5.1.4",
      "mip-cmor-tables": "v6.5.0.2"
    }
  },
  {
    "@id": "../../https://github.com/pcmdi/mip-cmor-tables/blob/main/jsonld/miptables/tables/giafx.json",
    "@type": "version",
    "version:commit": {
      "author": {
        "email": "daniel.ellis@ext.esa.int",
        "name": "Daniel"
      },
      "hash": "5e9f49b8d90ab18b141737bf72b55534296a61af",
      "message": "adding JSON-ld files"
    },
    "version:data": {
      "@id": "../../mip-cmor-tables:miptables/tables/giafx"
    },
    "version:date": "2024-06-11T18:58:05+01:00",
    "version:file": "../../JSONLD/miptables/tables/giafx.json",
    "version:previous_updates": 1,
    "version:release": {
      "cmip6plus": "v6.5.1.4",
      "mip-cmor-tables": "v6.5.0.2"
    }
  },
  {
    "@id": "../../https://github.com/pcmdi/mip-cmor-tables/blob/main/jsonld/miptables/tables/opmonlev.json",
    "@type": "version",
    "version:commit": {
      "author": {
        "email": "daniel.ellis@ext.esa.int",
        "name": "Daniel"
      },
      "hash": "5e9f49b8d90ab18b141737bf72b55534296a61af",
      "message": "adding JSON-ld files"
    },
    "version:data": {
      "@id": "../../mip-cmor-tables:miptables/tables/opmonlev"
    },
    "version:date": "2024-06-11T18:58:05+01:00",
    "version:file": "../../JSONLD/miptables/tables/opmonlev.json",
    "version:previous_updates": 1,
    "version:release": {
      "cmip6plus": "v6.5.1.4",
      "mip-cmor-tables": "v6.5.0.2"
    }
  },
  {
    "@id": "../../https://github.com/pcmdi/mip-cmor-tables/blob/main/jsonld/miptables/tables/opdec.json",
    "@type": "version",
    "version:commit": {
      "author": {
        "email": "daniel.ellis@ext.esa.int",
        "name": "Daniel"
      },
      "hash": "5e9f49b8d90ab18b141737bf72b55534296a61af",
      "message": "adding JSON-ld files"
    },
    "version:data": {
      "@id": "../../mip-cmor-tables:miptables/tables/opdec"
    },
    "version:date": "2024-06-11T18:58:05+01:00",
    "version:file": "../../JSONLD/miptables/tables/opdec.json",
    "version:previous_updates": 1,
    "version:release": {
      "cmip6plus": "v6.5.1.4",
      "mip-cmor-tables": "v6.5.0.2"
    }
  },
  {
    "@id": "../../https://github.com/pcmdi/mip-cmor-tables/blob/main/jsonld/miptables/tables/giayr.json",
    "@type": "version",
    "version:commit": {
      "author": {
        "email": "daniel.ellis@ext.esa.int",
        "name": "Daniel"
      },
      "hash": "5e9f49b8d90ab18b141737bf72b55534296a61af",
      "message": "adding JSON-ld files"
    },
    "version:data": {
      "@id": "../../mip-cmor-tables:miptables/tables/giayr"
    },
    "version:date": "2024-06-11T18:58:05+01:00",
    "version:file": "../../JSONLD/miptables/tables/giayr.json",
    "version:previous_updates": 1,
    "version:release": {
      "cmip6plus": "v6.5.1.4",
      "mip-cmor-tables": "v6.5.0.2"
    }
  },
  {
    "@id": "../../https://github.com/pcmdi/mip-cmor-tables/blob/main/jsonld/miptables/tables/limon.json",
    "@type": "version",
    "version:commit": {
      "author": {
        "email": "daniel.ellis@ext.esa.int",
        "name": "Daniel"
      },
      "hash": "5e9f49b8d90ab18b141737bf72b55534296a61af",
      "message": "adding JSON-ld files"
    },
    "version:data": {
      "@id": "../../mip-cmor-tables:miptables/tables/limon"
    },
    "version:date": "2024-06-11T18:58:05+01:00",
    "version:file": "../../JSONLD/miptables/tables/limon.json",
    "version:previous_updates": 1,
    "version:release": {
      "cmip6plus": "v6.5.1.4",
      "mip-cmor-tables": "v6.5.0.2"
    }
  },
  {
    "@id": "../../https://github.com/pcmdi/mip-cmor-tables/blob/main/jsonld/miptables/tables/lifx.json",
    "@type": "version",
    "version:commit": {
      "author": {
        "email": "daniel.ellis@ext.esa.int",
        "name": "Daniel"
      },
      "hash": "5e9f49b8d90ab18b141737bf72b55534296a61af",
      "message": "adding JSON-ld files"
    },
    "version:data": {
      "@id": "../../mip-cmor-tables:miptables/tables/lifx"
    },
    "version:date": "2024-06-11T18:58:05+01:00",
    "version:file": "../../JSONLD/miptables/tables/lifx.json",
    "version:previous_updates": 1,
    "version:release": {
      "cmip6plus": "v6.5.1.4",
      "mip-cmor-tables": "v6.5.0.2"
    }
  },
  {
    "@id": "../../https://github.com/pcmdi/mip-cmor-tables/blob/main/jsonld/miptables/tables/opdeclev.json",
    "@type": "version",
    "version:commit": {
      "author": {
        "email": "daniel.ellis@ext.esa.int",
        "name": "Daniel"
      },
      "hash": "5e9f49b8d90ab18b141737bf72b55534296a61af",
      "message": "adding JSON-ld files"
    },
    "version:data": {
      "@id": "../../mip-cmor-tables:miptables/tables/opdeclev"
    },
    "version:date": "2024-06-11T18:58:05+01:00",
    "version:file": "../../JSONLD/miptables/tables/opdeclev.json",
    "version:previous_updates": 1,
    "version:release": {
      "cmip6plus": "v6.5.1.4",
      "mip-cmor-tables": "v6.5.0.2"
    }
  },
  {
    "@id": "../../https://github.com/pcmdi/mip-cmor-tables/blob/main/jsonld/miptables/tables/opyrlev.json",
    "@type": "version",
    "version:commit": {
      "author": {
        "email": "daniel.ellis@ext.esa.int",
        "name": "Daniel"
      },
      "hash": "5e9f49b8d90ab18b141737bf72b55534296a61af",
      "message": "adding JSON-ld files"
    },
    "version:data": {
      "@id": "../../mip-cmor-tables:miptables/tables/opyrlev"
    },
    "version:date": "2024-06-11T18:58:05+01:00",
    "version:file": "../../JSONLD/miptables/tables/opyrlev.json",
    "version:previous_updates": 1,
    "version:release": {
      "cmip6plus": "v6.5.1.4",
      "mip-cmor-tables": "v6.5.0.2"
    }
  },
  {
    "@id": "../../https://github.com/pcmdi/mip-cmor-tables/blob/main/jsonld/miptables/tables/simonpt.json",
    "@type": "version",
    "version:commit": {
      "author": {
        "email": "daniel.ellis@ext.esa.int",
        "name": "Daniel"
      },
      "hash": "5e9f49b8d90ab18b141737bf72b55534296a61af",
      "message": "adding JSON-ld files"
    },
    "version:data": {
      "@id": "../../mip-cmor-tables:miptables/tables/simonpt"
    },
    "version:date": "2024-06-11T18:58:05+01:00",
    "version:file": "../../JSONLD/miptables/tables/simonpt.json",
    "version:previous_updates": 1,
    "version:release": {
      "cmip6plus": "v6.5.1.4",
      "mip-cmor-tables": "v6.5.0.2"
    }
  },
  {
    "@id": "../../https://github.com/pcmdi/mip-cmor-tables/blob/main/jsonld/miptables/tables/obday.json",
    "@type": "version",
    "version:commit": {
      "author": {
        "email": "daniel.ellis@ext.esa.int",
        "name": "Daniel"
      },
      "hash": "5e9f49b8d90ab18b141737bf72b55534296a61af",
      "message": "adding JSON-ld files"
    },
    "version:data": {
      "@id": "../../mip-cmor-tables:miptables/tables/obday"
    },
    "version:date": "2024-06-11T18:58:05+01:00",
    "version:file": "../../JSONLD/miptables/tables/obday.json",
    "version:previous_updates": 1,
    "version:release": {
      "cmip6plus": "v6.5.1.4",
      "mip-cmor-tables": "v6.5.0.2"
    }
  },
  {
    "@id": "../../https://github.com/pcmdi/mip-cmor-tables/blob/main/jsonld/miptables/tables/ap3hrpt.json",
    "@type": "version",
    "version:commit": {
      "author": {
        "email": "daniel.ellis@ext.esa.int",
        "name": "Daniel"
      },
      "hash": "5e9f49b8d90ab18b141737bf72b55534296a61af",
      "message": "adding JSON-ld files"
    },
    "version:data": {
      "@id": "../../mip-cmor-tables:miptables/tables/ap3hrpt"
    },
    "version:date": "2024-06-11T18:58:05+01:00",
    "version:file": "../../JSONLD/miptables/tables/ap3hrpt.json",
    "version:previous_updates": 1,
    "version:release": {
      "cmip6plus": "v6.5.1.4",
      "mip-cmor-tables": "v6.5.0.2"
    }
  },
  {
    "@id": "../../https://github.com/pcmdi/mip-cmor-tables/blob/main/jsonld/miptables/tables/ap1hr.json",
    "@type": "version",
    "version:commit": {
      "author": {
        "email": "daniel.ellis@ext.esa.int",
        "name": "Daniel"
      },
      "hash": "5e9f49b8d90ab18b141737bf72b55534296a61af",
      "message": "adding JSON-ld files"
    },
    "version:data": {
      "@id": "../../mip-cmor-tables:miptables/tables/ap1hr"
    },
    "version:date": "2024-06-11T18:58:05+01:00",
    "version:file": "../../JSONLD/miptables/tables/ap1hr.json",
    "version:previous_updates": 1,
    "version:release": {
      "cmip6plus": "v6.5.1.4",
      "mip-cmor-tables": "v6.5.0.2"
    }
  },
  {
    "@id": "../../https://github.com/pcmdi/mip-cmor-tables/blob/main/jsonld/miptables/tables/ae3hrpt.json",
    "@type": "version",
    "version:commit": {
      "author": {
        "email": "daniel.ellis@ext.esa.int",
        "name": "Daniel"
      },
      "hash": "5e9f49b8d90ab18b141737bf72b55534296a61af",
      "message": "adding JSON-ld files"
    },
    "version:data": {
      "@id": "../../mip-cmor-tables:miptables/tables/ae3hrpt"
    },
    "version:date": "2024-06-11T18:58:05+01:00",
    "version:file": "../../JSONLD/miptables/tables/ae3hrpt.json",
    "version:previous_updates": 1,
    "version:release": {
      "cmip6plus": "v6.5.1.4",
      "mip-cmor-tables": "v6.5.0.2"
    }
  },
  {
    "@id": "../../https://github.com/pcmdi/mip-cmor-tables/blob/main/jsonld/miptables/tables/lp3hrpt.json",
    "@type": "version",
    "version:commit": {
      "author": {
        "email": "daniel.ellis@ext.esa.int",
        "name": "Daniel"
      },
      "hash": "5e9f49b8d90ab18b141737bf72b55534296a61af",
      "message": "adding JSON-ld files"
    },
    "version:data": {
      "@id": "../../mip-cmor-tables:miptables/tables/lp3hrpt"
    },
    "version:date": "2024-06-11T18:58:05+01:00",
    "version:file": "../../JSONLD/miptables/tables/lp3hrpt.json",
    "version:previous_updates": 1,
    "version:release": {
      "cmip6plus": "v6.5.1.4",
      "mip-cmor-tables": "v6.5.0.2"
    }
  },
  {
    "@id": "../../https://github.com/pcmdi/mip-cmor-tables/blob/main/jsonld/miptables/tables/ap6hrptz.json",
    "@type": "version",
    "version:commit": {
      "author": {
        "email": "daniel.ellis@ext.esa.int",
        "name": "Daniel"
      },
      "hash": "5e9f49b8d90ab18b141737bf72b55534296a61af",
      "message": "adding JSON-ld files"
    },
    "version:data": {
      "@id": "../../mip-cmor-tables:miptables/tables/ap6hrptz"
    },
    "version:date": "2024-06-11T18:58:05+01:00",
    "version:file": "../../JSONLD/miptables/tables/ap6hrptz.json",
    "version:previous_updates": 1,
    "version:release": {
      "cmip6plus": "v6.5.1.4",
      "mip-cmor-tables": "v6.5.0.2"
    }
  },
  {
    "@id": "../../https://github.com/pcmdi/mip-cmor-tables/blob/main/jsonld/miptables/tables/apmonclim.json",
    "@type": "version",
    "version:commit": {
      "author": {
        "email": "daniel.ellis@ext.esa.int",
        "name": "Daniel"
      },
      "hash": "5e9f49b8d90ab18b141737bf72b55534296a61af",
      "message": "adding JSON-ld files"
    },
    "version:data": {
      "@id": "../../mip-cmor-tables:miptables/tables/apmonclim"
    },
    "version:date": "2024-06-11T18:58:05+01:00",
    "version:file": "../../JSONLD/miptables/tables/apmonclim.json",
    "version:previous_updates": 1,
    "version:release": {
      "cmip6plus": "v6.5.1.4",
      "mip-cmor-tables": "v6.5.0.2"
    }
  },
  {
    "@id": "../../https://github.com/pcmdi/mip-cmor-tables/blob/main/jsonld/miptables/tables/gigfx.json",
    "@type": "version",
    "version:commit": {
      "author": {
        "email": "daniel.ellis@ext.esa.int",
        "name": "Daniel"
      },
      "hash": "5e9f49b8d90ab18b141737bf72b55534296a61af",
      "message": "adding JSON-ld files"
    },
    "version:data": {
      "@id": "../../mip-cmor-tables:miptables/tables/gigfx"
    },
    "version:date": "2024-06-11T18:58:05+01:00",
    "version:file": "../../JSONLD/miptables/tables/gigfx.json",
    "version:previous_updates": 1,
    "version:release": {
      "cmip6plus": "v6.5.1.4",
      "mip-cmor-tables": "v6.5.0.2"
    }
  },
  {
    "@id": "../../https://github.com/pcmdi/mip-cmor-tables/blob/main/jsonld/miptables/tables/giamon.json",
    "@type": "version",
    "version:commit": {
      "author": {
        "email": "daniel.ellis@ext.esa.int",
        "name": "Daniel"
      },
      "hash": "5e9f49b8d90ab18b141737bf72b55534296a61af",
      "message": "adding JSON-ld files"
    },
    "version:data": {
      "@id": "../../mip-cmor-tables:miptables/tables/giamon"
    },
    "version:date": "2024-06-11T18:58:05+01:00",
    "version:file": "../../JSONLD/miptables/tables/giamon.json",
    "version:previous_updates": 1,
    "version:release": {
      "cmip6plus": "v6.5.1.4",
      "mip-cmor-tables": "v6.5.0.2"
    }
  },
  {
    "@id": "../../https://github.com/pcmdi/mip-cmor-tables/blob/main/jsonld/miptables/tables/lp3hr.json",
    "@type": "version",
    "version:commit": {
      "author": {
        "email": "daniel.ellis@ext.esa.int",
        "name": "Daniel"
      },
      "hash": "5e9f49b8d90ab18b141737bf72b55534296a61af",
      "message": "adding JSON-ld files"
    },
    "version:data": {
      "@id": "../../mip-cmor-tables:miptables/tables/lp3hr"
    },
    "version:date": "2024-06-11T18:58:05+01:00",
    "version:file": "../../JSONLD/miptables/tables/lp3hr.json",
    "version:previous_updates": 1,
    "version:release": {
      "cmip6plus": "v6.5.1.4",
      "mip-cmor-tables": "v6.5.0.2"
    }
  },
  {
    "@id": "../../https://github.com/pcmdi/mip-cmor-tables/blob/main/jsonld/miptables/tables/acmon.json",
    "@type": "version",
    "version:commit": {
      "author": {
        "email": "daniel.ellis@ext.esa.int",
        "name": "Daniel"
      },
      "hash": "5e9f49b8d90ab18b141737bf72b55534296a61af",
      "message": "adding JSON-ld files"
    },
    "version:data": {
      "@id": "../../mip-cmor-tables:miptables/tables/acmon"
    },
    "version:date": "2024-06-11T18:58:05+01:00",
    "version:file": "../../JSONLD/miptables/tables/acmon.json",
    "version:previous_updates": 1,
    "version:release": {
      "cmip6plus": "v6.5.1.4",
      "mip-cmor-tables": "v6.5.0.2"
    }
  },
  {
    "@id": "../../https://github.com/pcmdi/mip-cmor-tables/blob/main/jsonld/miptables/tables/apdayz.json",
    "@type": "version",
    "version:commit": {
      "author": {
        "email": "daniel.ellis@ext.esa.int",
        "name": "Daniel"
      },
      "hash": "5e9f49b8d90ab18b141737bf72b55534296a61af",
      "message": "adding JSON-ld files"
    },
    "version:data": {
      "@id": "../../mip-cmor-tables:miptables/tables/apdayz"
    },
    "version:date": "2024-06-11T18:58:05+01:00",
    "version:file": "../../JSONLD/miptables/tables/apdayz.json",
    "version:previous_updates": 1,
    "version:release": {
      "cmip6plus": "v6.5.1.4",
      "mip-cmor-tables": "v6.5.0.2"
    }
  },
  {
    "@id": "../../https://github.com/pcmdi/mip-cmor-tables/blob/main/jsonld/miptables/tables/aemonz.json",
    "@type": "version",
    "version:commit": {
      "author": {
        "email": "daniel.ellis@ext.esa.int",
        "name": "Daniel"
      },
      "hash": "5e9f49b8d90ab18b141737bf72b55534296a61af",
      "message": "adding JSON-ld files"
    },
    "version:data": {
      "@id": "../../mip-cmor-tables:miptables/tables/aemonz"
    },
    "version:date": "2024-06-11T18:58:05+01:00",
    "version:file": "../../JSONLD/miptables/tables/aemonz.json",
    "version:previous_updates": 1,
    "version:release": {
      "cmip6plus": "v6.5.1.4",
      "mip-cmor-tables": "v6.5.0.2"
    }
  },
  {
    "@id": "../../https://github.com/pcmdi/mip-cmor-tables/blob/main/jsonld/miptables/tables/lpday.json",
    "@type": "version",
    "version:commit": {
      "author": {
        "email": "daniel.ellis@ext.esa.int",
        "name": "Daniel"
      },
      "hash": "5e9f49b8d90ab18b141737bf72b55534296a61af",
      "message": "adding JSON-ld files"
    },
    "version:data": {
      "@id": "../../mip-cmor-tables:miptables/tables/lpday"
    },
    "version:date": "2024-06-11T18:58:05+01:00",
    "version:file": "../../JSONLD/miptables/tables/lpday.json",
    "version:previous_updates": 1,
    "version:release": {
      "cmip6plus": "v6.5.1.4",
      "mip-cmor-tables": "v6.5.0.2"
    }
  },
  {
    "@id": "../../https://github.com/pcmdi/mip-cmor-tables/blob/main/jsonld/miptables/tables/opmonz.json",
    "@type": "version",
    "version:commit": {
      "author": {
        "email": "daniel.ellis@ext.esa.int",
        "name": "Daniel"
      },
      "hash": "5e9f49b8d90ab18b141737bf72b55534296a61af",
      "message": "adding JSON-ld files"
    },
    "version:data": {
      "@id": "../../mip-cmor-tables:miptables/tables/opmonz"
    },
    "version:date": "2024-06-11T18:58:05+01:00",
    "version:file": "../../JSONLD/miptables/tables/opmonz.json",
    "version:previous_updates": 1,
    "version:release": {
      "cmip6plus": "v6.5.1.4",
      "mip-cmor-tables": "v6.5.0.2"
    }
  },
  {
    "@id": "../../https://github.com/pcmdi/mip-cmor-tables/blob/main/jsonld/miptables/tables/obmon.json",
    "@type": "version",
    "version:commit": {
      "author": {
        "email": "daniel.ellis@ext.esa.int",
        "name": "Daniel"
      },
      "hash": "5e9f49b8d90ab18b141737bf72b55534296a61af",
      "message": "adding JSON-ld files"
    },
    "version:data": {
      "@id": "../../mip-cmor-tables:miptables/tables/obmon"
    },
    "version:date": "2024-06-11T18:58:05+01:00",
    "version:file": "../../JSONLD/miptables/tables/obmon.json",
    "version:previous_updates": 1,
    "version:release": {
      "cmip6plus": "v6.5.1.4",
      "mip-cmor-tables": "v6.5.0.2"
    }
  },
  {
    "@id": "../../https://github.com/pcmdi/mip-cmor-tables/blob/main/jsonld/miptables/tables/opfx.json",
    "@type": "version",
    "version:commit": {
      "author": {
        "email": "daniel.ellis@ext.esa.int",
        "name": "Daniel"
      },
      "hash": "5e9f49b8d90ab18b141737bf72b55534296a61af",
      "message": "adding JSON-ld files"
    },
    "version:data": {
      "@id": "../../mip-cmor-tables:miptables/tables/opfx"
    },
    "version:date": "2024-06-11T18:58:05+01:00",
    "version:file": "../../JSONLD/miptables/tables/opfx.json",
    "version:previous_updates": 1,
    "version:release": {
      "cmip6plus": "v6.5.1.4",
      "mip-cmor-tables": "v6.5.0.2"
    }
  },
  {
    "@id": "../../https://github.com/pcmdi/mip-cmor-tables/blob/main/jsonld/miptables/tables/obmonlev.json",
    "@type": "version",
    "version:commit": {
      "author": {
        "email": "daniel.ellis@ext.esa.int",
        "name": "Daniel"
      },
      "hash": "5e9f49b8d90ab18b141737bf72b55534296a61af",
      "message": "adding JSON-ld files"
    },
    "version:data": {
      "@id": "../../mip-cmor-tables:miptables/tables/obmonlev"
    },
    "version:date": "2024-06-11T18:58:05+01:00",
    "version:file": "../../JSONLD/miptables/tables/obmonlev.json",
    "version:previous_updates": 1,
    "version:release": {
      "cmip6plus": "v6.5.1.4",
      "mip-cmor-tables": "v6.5.0.2"
    }
  },
  {
    "@id": "../../https://github.com/pcmdi/mip-cmor-tables/blob/main/jsonld/miptables/tables/liday.json",
    "@type": "version",
    "version:commit": {
      "author": {
        "email": "daniel.ellis@ext.esa.int",
        "name": "Daniel"
      },
      "hash": "5e9f49b8d90ab18b141737bf72b55534296a61af",
      "message": "adding JSON-ld files"
    },
    "version:data": {
      "@id": "../../mip-cmor-tables:miptables/tables/liday"
    },
    "version:date": "2024-06-11T18:58:05+01:00",
    "version:file": "../../JSONLD/miptables/tables/liday.json",
    "version:previous_updates": 1,
    "version:release": {
      "cmip6plus": "v6.5.1.4",
      "mip-cmor-tables": "v6.5.0.2"
    }
  },
  {
    "@id": "../../https://github.com/pcmdi/mip-cmor-tables/blob/main/jsonld/miptables/tables/lp6hrpt.json",
    "@type": "version",
    "version:commit": {
      "author": {
        "email": "daniel.ellis@ext.esa.int",
        "name": "Daniel"
      },
      "hash": "5e9f49b8d90ab18b141737bf72b55534296a61af",
      "message": "adding JSON-ld files"
    },
    "version:data": {
      "@id": "../../mip-cmor-tables:miptables/tables/lp6hrpt"
    },
    "version:date": "2024-06-11T18:58:05+01:00",
    "version:file": "../../JSONLD/miptables/tables/lp6hrpt.json",
    "version:previous_updates": 1,
    "version:release": {
      "cmip6plus": "v6.5.1.4",
      "mip-cmor-tables": "v6.5.0.2"
    }
  },
  {
    "@id": "../../https://github.com/pcmdi/mip-cmor-tables/blob/main/jsonld/miptables/tables/apsubhrptlev.json",
    "@type": "version",
    "version:commit": {
      "author": {
        "email": "daniel.ellis@ext.esa.int",
        "name": "Daniel"
      },
      "hash": "5e9f49b8d90ab18b141737bf72b55534296a61af",
      "message": "adding JSON-ld files"
    },
    "version:data": {
      "@id": "../../mip-cmor-tables:miptables/tables/apsubhrptlev"
    },
    "version:date": "2024-06-11T18:58:05+01:00",
    "version:file": "../../JSONLD/miptables/tables/apsubhrptlev.json",
    "version:previous_updates": 1,
    "version:release": {
      "cmip6plus": "v6.5.1.4",
      "mip-cmor-tables": "v6.5.0.2"
    }
  },
  {
    "@id": "../../https://github.com/pcmdi/mip-cmor-tables/blob/main/jsonld/miptables/tables/ae6hrpt.json",
    "@type": "version",
    "version:commit": {
      "author": {
        "email": "daniel.ellis@ext.esa.int",
        "name": "Daniel"
      },
      "hash": "5e9f49b8d90ab18b141737bf72b55534296a61af",
      "message": "adding JSON-ld files"
    },
    "version:data": {
      "@id": "../../mip-cmor-tables:miptables/tables/ae6hrpt"
    },
    "version:date": "2024-06-11T18:58:05+01:00",
    "version:file": "../../JSONLD/miptables/tables/ae6hrpt.json",
    "version:previous_updates": 1,
    "version:release": {
      "cmip6plus": "v6.5.1.4",
      "mip-cmor-tables": "v6.5.0.2"
    }
  },
  {
    "@id": "../../https://github.com/pcmdi/mip-cmor-tables/blob/main/jsonld/miptables/tables/opdecz.json",
    "@type": "version",
    "version:commit": {
      "author": {
        "email": "daniel.ellis@ext.esa.int",
        "name": "Daniel"
      },
      "hash": "5e9f49b8d90ab18b141737bf72b55534296a61af",
      "message": "adding JSON-ld files"
    },
    "version:data": {
      "@id": "../../mip-cmor-tables:miptables/tables/opdecz"
    },
    "version:date": "2024-06-11T18:58:05+01:00",
    "version:file": "../../JSONLD/miptables/tables/opdecz.json",
    "version:previous_updates": 1,
    "version:release": {
      "cmip6plus": "v6.5.1.4",
      "mip-cmor-tables": "v6.5.0.2"
    }
  },
  {
    "@id": "../../https://github.com/pcmdi/mip-cmor-tables/blob/main/jsonld/miptables/tables/simon.json",
    "@type": "version",
    "version:commit": {
      "author": {
        "email": "daniel.ellis@ext.esa.int",
        "name": "Daniel"
      },
      "hash": "5e9f49b8d90ab18b141737bf72b55534296a61af",
      "message": "adding JSON-ld files"
    },
    "version:data": {
      "@id": "../../mip-cmor-tables:miptables/tables/simon"
    },
    "version:date": "2024-06-11T18:58:05+01:00",
    "version:file": "../../JSONLD/miptables/tables/simon.json",
    "version:previous_updates": 1,
    "version:release": {
      "cmip6plus": "v6.5.1.4",
      "mip-cmor-tables": "v6.5.0.2"
    }
  },
  {
    "@id": "../../https://github.com/pcmdi/mip-cmor-tables/blob/main/jsonld/miptables/tables/apsubhrpt.json",
    "@type": "version",
    "version:commit": {
      "author": {
        "email": "daniel.ellis@ext.esa.int",
        "name": "Daniel"
      },
      "hash": "5e9f49b8d90ab18b141737bf72b55534296a61af",
      "message": "adding JSON-ld files"
    },
    "version:data": {
      "@id": "../../mip-cmor-tables:miptables/tables/apsubhrpt"
    },
    "version:date": "2024-06-11T18:58:05+01:00",
    "version:file": "../../JSONLD/miptables/tables/apsubhrpt.json",
    "version:previous_updates": 1,
    "version:release": {
      "cmip6plus": "v6.5.1.4",
      "mip-cmor-tables": "v6.5.0.2"
    }
  },
  {
    "@id": "../../https://github.com/pcmdi/mip-cmor-tables/blob/main/jsonld/miptables/tables/ap6hrpt.json",
    "@type": "version",
    "version:commit": {
      "author": {
        "email": "daniel.ellis@ext.esa.int",
        "name": "Daniel"
      },
      "hash": "5e9f49b8d90ab18b141737bf72b55534296a61af",
      "message": "adding JSON-ld files"
    },
    "version:data": {
      "@id": "../../mip-cmor-tables:miptables/tables/ap6hrpt"
    },
    "version:date": "2024-06-11T18:58:05+01:00",
    "version:file": "../../JSONLD/miptables/tables/ap6hrpt.json",
    "version:previous_updates": 1,
    "version:release": {
      "cmip6plus": "v6.5.1.4",
      "mip-cmor-tables": "v6.5.0.2"
    }
  },
  {
    "@id": "../../https://github.com/pcmdi/mip-cmor-tables/blob/main/jsonld/miptables/tables/apmonclimlev.json",
    "@type": "version",
    "version:commit": {
      "author": {
        "email": "daniel.ellis@ext.esa.int",
        "name": "Daniel"
      },
      "hash": "5e9f49b8d90ab18b141737bf72b55534296a61af",
      "message": "adding JSON-ld files"
    },
    "version:data": {
      "@id": "../../mip-cmor-tables:miptables/tables/apmonclimlev"
    },
    "version:date": "2024-06-11T18:58:05+01:00",
    "version:file": "../../JSONLD/miptables/tables/apmonclimlev.json",
    "version:previous_updates": 1,
    "version:release": {
      "cmip6plus": "v6.5.1.4",
      "mip-cmor-tables": "v6.5.0.2"
    }
  },
  {
    "@id": "../../https://github.com/pcmdi/mip-cmor-tables/blob/main/jsonld/miptables/tables/obyr.json",
    "@type": "version",
    "version:commit": {
      "author": {
        "email": "daniel.ellis@ext.esa.int",
        "name": "Daniel"
      },
      "hash": "5e9f49b8d90ab18b141737bf72b55534296a61af",
      "message": "adding JSON-ld files"
    },
    "version:data": {
      "@id": "../../mip-cmor-tables:miptables/tables/obyr"
    },
    "version:date": "2024-06-11T18:58:05+01:00",
    "version:file": "../../JSONLD/miptables/tables/obyr.json",
    "version:previous_updates": 1,
    "version:release": {
      "cmip6plus": "v6.5.1.4",
      "mip-cmor-tables": "v6.5.0.2"
    }
  },
  {
    "@id": "../../https://github.com/pcmdi/mip-cmor-tables/blob/main/jsonld/miptables/tables/op3hrpt.json",
    "@type": "version",
    "version:commit": {
      "author": {
        "email": "daniel.ellis@ext.esa.int",
        "name": "Daniel"
      },
      "hash": "5e9f49b8d90ab18b141737bf72b55534296a61af",
      "message": "adding JSON-ld files"
    },
    "version:data": {
      "@id": "../../mip-cmor-tables:miptables/tables/op3hrpt"
    },
    "version:date": "2024-06-11T18:58:05+01:00",
    "version:file": "../../JSONLD/miptables/tables/op3hrpt.json",
    "version:previous_updates": 1,
    "version:release": {
      "cmip6plus": "v6.5.1.4",
      "mip-cmor-tables": "v6.5.0.2"
    }
  },
  {
    "@id": "../../https://github.com/pcmdi/mip-cmor-tables/blob/main/jsonld/miptables/tables/ap6hrptlev.json",
    "@type": "version",
    "version:commit": {
      "author": {
        "email": "daniel.ellis@ext.esa.int",
        "name": "Daniel"
      },
      "hash": "5e9f49b8d90ab18b141737bf72b55534296a61af",
      "message": "adding JSON-ld files"
    },
    "version:data": {
      "@id": "../../mip-cmor-tables:miptables/tables/ap6hrptlev"
    },
    "version:date": "2024-06-11T18:58:05+01:00",
    "version:file": "../../JSONLD/miptables/tables/ap6hrptlev.json",
    "version:previous_updates": 1,
    "version:release": {
      "cmip6plus": "v6.5.1.4",
      "mip-cmor-tables": "v6.5.0.2"
    }
  },
  {
    "@id": "../../https://github.com/pcmdi/mip-cmor-tables/blob/main/jsonld/miptables/tables/ap3hrptlev.json",
    "@type": "version",
    "version:commit": {
      "author": {
        "email": "daniel.ellis@ext.esa.int",
        "name": "Daniel"
      },
      "hash": "5e9f49b8d90ab18b141737bf72b55534296a61af",
      "message": "adding JSON-ld files"
    },
    "version:data": {
      "@id": "../../mip-cmor-tables:miptables/tables/ap3hrptlev"
    },
    "version:date": "2024-06-11T18:58:05+01:00",
    "version:file": "../../JSONLD/miptables/tables/ap3hrptlev.json",
    "version:previous_updates": 1,
    "version:release": {
      "cmip6plus": "v6.5.1.4",
      "mip-cmor-tables": "v6.5.0.2"
    }
  },
  {
    "@id": "../../https://github.com/pcmdi/mip-cmor-tables/blob/main/jsonld/miptables/tables/lpmon.json",
    "@type": "version",
    "version:commit": {
      "author": {
        "email": "daniel.ellis@ext.esa.int",
        "name": "Daniel"
      },
      "hash": "5e9f49b8d90ab18b141737bf72b55534296a61af",
      "message": "adding JSON-ld files"
    },
    "version:data": {
      "@id": "../../mip-cmor-tables:miptables/tables/lpmon"
    },
    "version:date": "2024-06-11T18:58:05+01:00",
    "version:file": "../../JSONLD/miptables/tables/lpmon.json",
    "version:previous_updates": 1,
    "version:release": {
      "cmip6plus": "v6.5.1.4",
      "mip-cmor-tables": "v6.5.0.2"
    }
  },
  {
    "@id": "../../https://github.com/pcmdi/mip-cmor-tables/blob/main/jsonld/miptables/tables/lpyr.json",
    "@type": "version",
    "version:commit": {
      "author": {
        "email": "daniel.ellis@ext.esa.int",
        "name": "Daniel"
      },
      "hash": "5e9f49b8d90ab18b141737bf72b55534296a61af",
      "message": "adding JSON-ld files"
    },
    "version:data": {
      "@id": "../../mip-cmor-tables:miptables/tables/lpyr"
    },
    "version:date": "2024-06-11T18:58:05+01:00",
    "version:file": "../../JSONLD/miptables/tables/lpyr.json",
    "version:previous_updates": 1,
    "version:release": {
      "cmip6plus": "v6.5.1.4",
      "mip-cmor-tables": "v6.5.0.2"
    }
  },
  {
    "@id": "../../https://github.com/pcmdi/mip-cmor-tables/blob/main/jsonld/miptables/tables/apmonz.json",
    "@type": "version",
    "version:commit": {
      "author": {
        "email": "daniel.ellis@ext.esa.int",
        "name": "Daniel"
      },
      "hash": "5e9f49b8d90ab18b141737bf72b55534296a61af",
      "message": "adding JSON-ld files"
    },
    "version:data": {
      "@id": "../../mip-cmor-tables:miptables/tables/apmonz"
    },
    "version:date": "2024-06-11T18:58:05+01:00",
    "version:file": "../../JSONLD/miptables/tables/apmonz.json",
    "version:previous_updates": 1,
    "version:release": {
      "cmip6plus": "v6.5.1.4",
      "mip-cmor-tables": "v6.5.0.2"
    }
  },
  {
    "@id": "../../https://github.com/pcmdi/mip-cmor-tables/blob/main/jsonld/miptables/tables/opday.json",
    "@type": "version",
    "version:commit": {
      "author": {
        "email": "daniel.ellis@ext.esa.int",
        "name": "Daniel"
      },
      "hash": "5e9f49b8d90ab18b141737bf72b55534296a61af",
      "message": "adding JSON-ld files"
    },
    "version:data": {
      "@id": "../../mip-cmor-tables:miptables/tables/opday"
    },
    "version:date": "2024-06-11T18:58:05+01:00",
    "version:file": "../../JSONLD/miptables/tables/opday.json",
    "version:previous_updates": 1,
    "version:release": {
      "cmip6plus": "v6.5.1.4",
      "mip-cmor-tables": "v6.5.0.2"
    }
  },
  {
    "@id": "../../https://github.com/pcmdi/mip-cmor-tables/blob/main/jsonld/miptables/tables/gigmon.json",
    "@type": "version",
    "version:commit": {
      "author": {
        "email": "daniel.ellis@ext.esa.int",
        "name": "Daniel"
      },
      "hash": "5e9f49b8d90ab18b141737bf72b55534296a61af",
      "message": "adding JSON-ld files"
    },
    "version:data": {
      "@id": "../../mip-cmor-tables:miptables/tables/gigmon"
    },
    "version:date": "2024-06-11T18:58:05+01:00",
    "version:file": "../../JSONLD/miptables/tables/gigmon.json",
    "version:previous_updates": 1,
    "version:release": {
      "cmip6plus": "v6.5.1.4",
      "mip-cmor-tables": "v6.5.0.2"
    }
  },
  {
    "@id": "../../https://github.com/pcmdi/mip-cmor-tables/blob/main/jsonld/miptables/tables/lpyrpt.json",
    "@type": "version",
    "version:commit": {
      "author": {
        "email": "daniel.ellis@ext.esa.int",
        "name": "Daniel"
      },
      "hash": "5e9f49b8d90ab18b141737bf72b55534296a61af",
      "message": "adding JSON-ld files"
    },
    "version:data": {
      "@id": "../../mip-cmor-tables:miptables/tables/lpyrpt"
    },
    "version:date": "2024-06-11T18:58:05+01:00",
    "version:file": "../../JSONLD/miptables/tables/lpyrpt.json",
    "version:previous_updates": 1,
    "version:release": {
      "cmip6plus": "v6.5.1.4",
      "mip-cmor-tables": "v6.5.0.2"
    }
  },
  {
    "@id": "../../https://github.com/pcmdi/mip-cmor-tables/blob/main/jsonld/miptables/tables/apdaylev.json",
    "@type": "version",
    "version:commit": {
      "author": {
        "email": "daniel.ellis@ext.esa.int",
        "name": "Daniel"
      },
      "hash": "5e9f49b8d90ab18b141737bf72b55534296a61af",
      "message": "adding JSON-ld files"
    },
    "version:data": {
      "@id": "../../mip-cmor-tables:miptables/tables/apdaylev"
    },
    "version:date": "2024-06-11T18:58:05+01:00",
    "version:file": "../../JSONLD/miptables/tables/apdaylev.json",
    "version:previous_updates": 1,
    "version:release": {
      "cmip6plus": "v6.5.1.4",
      "mip-cmor-tables": "v6.5.0.2"
    }
  },
  {
    "@id": "../../https://github.com/pcmdi/mip-cmor-tables/blob/main/jsonld/miptables/tables/siday.json",
    "@type": "version",
    "version:commit": {
      "author": {
        "email": "daniel.ellis@ext.esa.int",
        "name": "Daniel"
      },
      "hash": "5e9f49b8d90ab18b141737bf72b55534296a61af",
      "message": "adding JSON-ld files"
    },
    "version:data": {
      "@id": "../../mip-cmor-tables:miptables/tables/siday"
    },
    "version:date": "2024-06-11T18:58:05+01:00",
    "version:file": "../../JSONLD/miptables/tables/siday.json",
    "version:previous_updates": 1,
    "version:release": {
      "cmip6plus": "v6.5.1.4",
      "mip-cmor-tables": "v6.5.0.2"
    }
  },
  {
    "@id": "../../https://github.com/pcmdi/mip-cmor-tables/blob/main/jsonld/miptables/tables/li6hrpt.json",
    "@type": "version",
    "version:commit": {
      "author": {
        "email": "daniel.ellis@ext.esa.int",
        "name": "Daniel"
      },
      "hash": "5e9f49b8d90ab18b141737bf72b55534296a61af",
      "message": "adding JSON-ld files"
    },
    "version:data": {
      "@id": "../../mip-cmor-tables:miptables/tables/li6hrpt"
    },
    "version:date": "2024-06-11T18:58:05+01:00",
    "version:file": "../../JSONLD/miptables/tables/li6hrpt.json",
    "version:previous_updates": 1,
    "version:release": {
      "cmip6plus": "v6.5.1.4",
      "mip-cmor-tables": "v6.5.0.2"
    }
  },
  {
    "@id": "../../https://github.com/pcmdi/mip-cmor-tables/blob/main/jsonld/miptables/tables/ae3hrptlev.json",
    "@type": "version",
    "version:commit": {
      "author": {
        "email": "daniel.ellis@ext.esa.int",
        "name": "Daniel"
      },
      "hash": "5e9f49b8d90ab18b141737bf72b55534296a61af",
      "message": "adding JSON-ld files"
    },
    "version:data": {
      "@id": "../../mip-cmor-tables:miptables/tables/ae3hrptlev"
    },
    "version:date": "2024-06-11T18:58:05+01:00",
    "version:file": "../../JSONLD/miptables/tables/ae3hrptlev.json",
    "version:previous_updates": 1,
    "version:release": {
      "cmip6plus": "v6.5.1.4",
      "mip-cmor-tables": "v6.5.0.2"
    }
  },
  {
    "@id": "../../https://github.com/pcmdi/mip-cmor-tables/blob/main/jsonld/miptables/tables/lpfx.json",
    "@type": "version",
    "version:commit": {
      "author": {
        "email": "daniel.ellis@ext.esa.int",
        "name": "Daniel"
      },
      "hash": "5e9f49b8d90ab18b141737bf72b55534296a61af",
      "message": "adding JSON-ld files"
    },
    "version:data": {
      "@id": "../../mip-cmor-tables:miptables/tables/lpfx"
    },
    "version:date": "2024-06-11T18:58:05+01:00",
    "version:file": "../../JSONLD/miptables/tables/lpfx.json",
    "version:previous_updates": 1,
    "version:release": {
      "cmip6plus": "v6.5.1.4",
      "mip-cmor-tables": "v6.5.0.2"
    }
  },
  {
    "@id": "../../https://github.com/pcmdi/mip-cmor-tables/blob/main/jsonld/miptables/tables/acmonz.json",
    "@type": "version",
    "version:commit": {
      "author": {
        "email": "daniel.ellis@ext.esa.int",
        "name": "Daniel"
      },
      "hash": "5e9f49b8d90ab18b141737bf72b55534296a61af",
      "message": "adding JSON-ld files"
    },
    "version:data": {
      "@id": "../../mip-cmor-tables:miptables/tables/acmonz"
    },
    "version:date": "2024-06-11T18:58:05+01:00",
    "version:file": "../../JSONLD/miptables/tables/acmonz.json",
    "version:previous_updates": 1,
    "version:release": {
      "cmip6plus": "v6.5.1.4",
      "mip-cmor-tables": "v6.5.0.2"
    }
  },
  {
    "@id": "../../https://github.com/pcmdi/mip-cmor-tables/blob/main/jsonld/miptables/tables/opmonclim.json",
    "@type": "version",
    "version:commit": {
      "author": {
        "email": "daniel.ellis@ext.esa.int",
        "name": "Daniel"
      },
      "hash": "5e9f49b8d90ab18b141737bf72b55534296a61af",
      "message": "adding JSON-ld files"
    },
    "version:data": {
      "@id": "../../mip-cmor-tables:miptables/tables/opmonclim"
    },
    "version:date": "2024-06-11T18:58:05+01:00",
    "version:file": "../../JSONLD/miptables/tables/opmonclim.json",
    "version:previous_updates": 1,
    "version:release": {
      "cmip6plus": "v6.5.1.4",
      "mip-cmor-tables": "v6.5.0.2"
    }
  },
  {
    "@id": "../../https://github.com/pcmdi/mip-cmor-tables/blob/main/jsonld/miptables/tables/opmonclimlev.json",
    "@type": "version",
    "version:commit": {
      "author": {
        "email": "daniel.ellis@ext.esa.int",
        "name": "Daniel"
      },
      "hash": "5e9f49b8d90ab18b141737bf72b55534296a61af",
      "message": "adding JSON-ld files"
    },
    "version:data": {
      "@id": "../../mip-cmor-tables:miptables/tables/opmonclimlev"
    },
    "version:date": "2024-06-11T18:58:05+01:00",
    "version:file": "../../JSONLD/miptables/tables/opmonclimlev.json",
    "version:previous_updates": 1,
    "version:release": {
      "cmip6plus": "v6.5.1.4",
      "mip-cmor-tables": "v6.5.0.2"
    }
  },
  {
    "@id": "../../https://github.com/pcmdi/mip-cmor-tables/blob/main/jsonld/miptables/tables/apmonlev.json",
    "@type": "version",
    "version:commit": {
      "author": {
        "email": "daniel.ellis@ext.esa.int",
        "name": "Daniel"
      },
      "hash": "5e9f49b8d90ab18b141737bf72b55534296a61af",
      "message": "adding JSON-ld files"
    },
    "version:data": {
      "@id": "../../mip-cmor-tables:miptables/tables/apmonlev"
    },
    "version:date": "2024-06-11T18:58:05+01:00",
    "version:file": "../../JSONLD/miptables/tables/apmonlev.json",
    "version:previous_updates": 1,
    "version:release": {
      "cmip6plus": "v6.5.1.4",
      "mip-cmor-tables": "v6.5.0.2"
    }
  },
  {
    "@id": "../../https://github.com/pcmdi/mip-cmor-tables/blob/main/jsonld/miptables/tables/apsubhrptsite.json",
    "@type": "version",
    "version:commit": {
      "author": {
        "email": "daniel.ellis@ext.esa.int",
        "name": "Daniel"
      },
      "hash": "5e9f49b8d90ab18b141737bf72b55534296a61af",
      "message": "adding JSON-ld files"
    },
    "version:data": {
      "@id": "../../mip-cmor-tables:miptables/tables/apsubhrptsite"
    },
    "version:date": "2024-06-11T18:58:05+01:00",
    "version:file": "../../JSONLD/miptables/tables/apsubhrptsite.json",
    "version:previous_updates": 1,
    "version:release": {
      "cmip6plus": "v6.5.1.4",
      "mip-cmor-tables": "v6.5.0.2"
    }
  },
  {
    "@id": "../../https://github.com/pcmdi/mip-cmor-tables/blob/main/jsonld/miptables/tables/aemon.json",
    "@type": "version",
    "version:commit": {
      "author": {
        "email": "daniel.ellis@ext.esa.int",
        "name": "Daniel"
      },
      "hash": "5e9f49b8d90ab18b141737bf72b55534296a61af",
      "message": "adding JSON-ld files"
    },
    "version:data": {
      "@id": "../../mip-cmor-tables:miptables/tables/aemon"
    },
    "version:date": "2024-06-11T18:58:05+01:00",
    "version:file": "../../JSONLD/miptables/tables/aemon.json",
    "version:previous_updates": 1,
    "version:release": {
      "cmip6plus": "v6.5.1.4",
      "mip-cmor-tables": "v6.5.0.2"
    }
  },
  {
    "@id": "../../https://github.com/pcmdi/mip-cmor-tables/blob/main/jsonld/miptables/tables/aesubhrptsite.json",
    "@type": "version",
    "version:commit": {
      "author": {
        "email": "daniel.ellis@ext.esa.int",
        "name": "Daniel"
      },
      "hash": "5e9f49b8d90ab18b141737bf72b55534296a61af",
      "message": "adding JSON-ld files"
    },
    "version:data": {
      "@id": "../../mip-cmor-tables:miptables/tables/aesubhrptsite"
    },
    "version:date": "2024-06-11T18:58:05+01:00",
    "version:file": "../../JSONLD/miptables/tables/aesubhrptsite.json",
    "version:previous_updates": 1,
    "version:release": {
      "cmip6plus": "v6.5.1.4",
      "mip-cmor-tables": "v6.5.0.2"
    }
  },
  {
    "@id": "../../https://github.com/pcmdi/mip-cmor-tables/blob/main/jsonld/miptables/tables/apmon.json",
    "@type": "version",
    "version:commit": {
      "author": {
        "email": "daniel.ellis@ext.esa.int",
        "name": "Daniel"
      },
      "hash": "5e9f49b8d90ab18b141737bf72b55534296a61af",
      "message": "adding JSON-ld files"
    },
    "version:data": {
      "@id": "../../mip-cmor-tables:miptables/tables/apmon"
    },
    "version:date": "2024-06-11T18:58:05+01:00",
    "version:file": "../../JSONLD/miptables/tables/apmon.json",
    "version:previous_updates": 1,
    "version:release": {
      "cmip6plus": "v6.5.1.4",
      "mip-cmor-tables": "v6.5.0.2"
    }
  },
  {
    "@id": "../../https://github.com/pcmdi/mip-cmor-tables/blob/main/jsonld/miptables/tables/lisubhrptsite.json",
    "@type": "version",
    "version:commit": {
      "author": {
        "email": "daniel.ellis@ext.esa.int",
        "name": "Daniel"
      },
      "hash": "5e9f49b8d90ab18b141737bf72b55534296a61af",
      "message": "adding JSON-ld files"
    },
    "version:data": {
      "@id": "../../mip-cmor-tables:miptables/tables/lisubhrptsite"
    },
    "version:date": "2024-06-11T18:58:05+01:00",
    "version:file": "../../JSONLD/miptables/tables/lisubhrptsite.json",
    "version:previous_updates": 1,
    "version:release": {
      "cmip6plus": "v6.5.1.4",
      "mip-cmor-tables": "v6.5.0.2"
    }
  },
  {
    "@id": "../../https://github.com/pcmdi/mip-cmor-tables/blob/main/jsonld/miptables/tables/ae6hr.json",
    "@type": "version",
    "version:commit": {
      "author": {
        "email": "daniel.ellis@ext.esa.int",
        "name": "Daniel"
      },
      "hash": "5e9f49b8d90ab18b141737bf72b55534296a61af",
      "message": "adding JSON-ld files"
    },
    "version:data": {
      "@id": "../../mip-cmor-tables:miptables/tables/ae6hr"
    },
    "version:date": "2024-06-11T18:58:05+01:00",
    "version:file": "../../JSONLD/miptables/tables/ae6hr.json",
    "version:previous_updates": 1,
    "version:release": {
      "cmip6plus": "v6.5.1.4",
      "mip-cmor-tables": "v6.5.0.2"
    }
  },
  {
    "@id": "../../https://github.com/pcmdi/mip-cmor-tables/blob/main/jsonld/miptables/tables/ae6hrptlev.json",
    "@type": "version",
    "version:commit": {
      "author": {
        "email": "daniel.ellis@ext.esa.int",
        "name": "Daniel"
      },
      "hash": "5e9f49b8d90ab18b141737bf72b55534296a61af",
      "message": "adding JSON-ld files"
    },
    "version:data": {
      "@id": "../../mip-cmor-tables:miptables/tables/ae6hrptlev"
    },
    "version:date": "2024-06-11T18:58:05+01:00",
    "version:file": "../../JSONLD/miptables/tables/ae6hrptlev.json",
    "version:previous_updates": 1,
    "version:release": {
      "cmip6plus": "v6.5.1.4",
      "mip-cmor-tables": "v6.5.0.2"
    }
  },
  {
    "@id": "../../https://github.com/pcmdi/mip-cmor-tables/blob/main/jsonld/miptables/tables/opyr.json",
    "@type": "version",
    "version:commit": {
      "author": {
        "email": "daniel.ellis@ext.esa.int",
        "name": "Daniel"
      },
      "hash": "5e9f49b8d90ab18b141737bf72b55534296a61af",
      "message": "adding JSON-ld files"
    },
    "version:data": {
      "@id": "../../mip-cmor-tables:miptables/tables/opyr"
    },
    "version:date": "2024-06-11T18:58:05+01:00",
    "version:file": "../../JSONLD/miptables/tables/opyr.json",
    "version:previous_updates": 1,
    "version:release": {
      "cmip6plus": "v6.5.1.4",
      "mip-cmor-tables": "v6.5.0.2"
    }
  },
  {
    "@id": "../../https://github.com/pcmdi/mip-cmor-tables/blob/main/jsonld/miptables/tables/ap6hr.json",
    "@type": "version",
    "version:commit": {
      "author": {
        "email": "daniel.ellis@ext.esa.int",
        "name": "Daniel"
      },
      "hash": "5e9f49b8d90ab18b141737bf72b55534296a61af",
      "message": "adding JSON-ld files"
    },
    "version:data": {
      "@id": "../../mip-cmor-tables:miptables/tables/ap6hr"
    },
    "version:date": "2024-06-11T18:58:05+01:00",
    "version:file": "../../JSONLD/miptables/tables/ap6hr.json",
    "version:previous_updates": 1,
    "version:release": {
      "cmip6plus": "v6.5.1.4",
      "mip-cmor-tables": "v6.5.0.2"
    }
  },
  {
    "@id": "../../https://github.com/pcmdi/mip-cmor-tables/blob/main/jsonld/miptables/tables/ap1hrpt.json",
    "@type": "version",
    "version:commit": {
      "author": {
        "email": "daniel.ellis@ext.esa.int",
        "name": "Daniel"
      },
      "hash": "5e9f49b8d90ab18b141737bf72b55534296a61af",
      "message": "adding JSON-ld files"
    },
    "version:data": {
      "@id": "../../mip-cmor-tables:miptables/tables/ap1hrpt"
    },
    "version:date": "2024-06-11T18:58:05+01:00",
    "version:file": "../../JSONLD/miptables/tables/ap1hrpt.json",
    "version:previous_updates": 1,
    "version:release": {
      "cmip6plus": "v6.5.1.4",
      "mip-cmor-tables": "v6.5.0.2"
    }
  },
  {
    "@id": "../../https://github.com/pcmdi/mip-cmor-tables/blob/main/jsonld/miptables/tables/aesubhrpt.json",
    "@type": "version",
    "version:commit": {
      "author": {
        "email": "daniel.ellis@ext.esa.int",
        "name": "Daniel"
      },
      "hash": "5e9f49b8d90ab18b141737bf72b55534296a61af",
      "message": "adding JSON-ld files"
    },
    "version:data": {
      "@id": "../../mip-cmor-tables:miptables/tables/aesubhrpt"
    },
    "version:date": "2024-06-11T18:58:05+01:00",
    "version:file": "../../JSONLD/miptables/tables/aesubhrpt.json",
    "version:previous_updates": 1,
    "version:release": {
      "cmip6plus": "v6.5.1.4",
      "mip-cmor-tables": "v6.5.0.2"
    }
  }
]
