{
  "@context": {
    "@vocab": "https://example.org/cmip/",
    "acronyms": {
      "@id": "acronyms"
    },
    "aliases": {
      "@id": "aliases"
    },
    "city": {
      "@id": "city"
    },
    "cmip": "https://example.org/cmip/",
    "cmip_acronym": {
      "@id": "cmip-acronym"
    },
    "country": {
      "@id": "country"
    },
    "established": {
      "@id": "established",
      "@type": "xsd:integer"
    },
    "id": "@id",
    "institution": {
      "@id": "institution"
    },
    "labels": {
      "@id": "labels"
    },
    "lat": {
      "@id": "lat",
      "@type": "xsd:float"
    },
    "linkml": "https://w3id.org/linkml/",
    "location": {
      "@id": "location"
    },
    "location_id": "@id",
    "location_type": {
      "@id": "location-type"
    },
    "lon": {
      "@id": "lon",
      "@type": "xsd:float"
    },
    "name": {
      "@id": "name"
    },
    "ror": {
      "@id": "ror"
    },
    "type": {
      "@id": "type"
    },
    "url": {
      "@id": "url",
      "@type": "@id"
    }
  },
  "comments": {
    "description": "Auto generated by LinkML jsonld context generator",
    "generation_date": "2024-06-18T22:09:56",
    "source": "instituitons.yaml"
  }
}
