{
  "@context": {
    "@vocab": "https://example.org/cmip/",
    "acronyms": {
      "@id": "acronyms"
    },
    "aliases": {
      "@id": "aliases"
    },
    "city": {
      "@id": "city"
    },
    "cmip": "https://example.org/cmip/",
    "cmip_acronym": {
      "@id": "cmip-acronym"
    },
    "country": {
      "@id": "country"
    },
    "established": {
      "@id": "established",
      "@type": "xsd:integer"
    },
    "id": "@id",
    "institution": {
      "@id": "institution"
    },
    "labels": {
      "@id": "labels"
    },
    "lat": {
      "@id": "lat",
      "@type": "xsd:float"
    },
    "linkml": "https://w3id.org/linkml/",
    "location": {
      "@id": "location"
    },
    "location_id": "@id",
    "location_type": {
      "@id": "location-type"
    },
    "lon": {
      "@id": "lon",
      "@type": "xsd:float"
    },
    "name": {
      "@id": "name"
    },
    "nest": {
      "@id": "nest",
      "@type": "@id"
    },
    "ror": {
      "@id": "ror"
    },
    "type": {
      "@id": "type"
    },
    "url": {
      "@id": "url",
      "@type": "@id"
    }
  },
  "@type": "Institution",
  "acronyms": [
    "CAMS"
  ],
  "cmip_acronym": "CAMS",
  "established": 1978,
  "id": "mip-cmor-tables:organisations/institutions/cams",
  "location": "JsonObj(**{'@id': 'mip-cmor-tables:organisations/institutions/location/034b53w38', '@type': 'location', '@nest': JsonObj(lat=39.9075, lon=116.39723, city='Beijing', country=['China', 'CN'])})",
  "name": "Chinese Academy of Meteorological Sciences",
  "ror": "034b53w38",
  "type": "institution",
  "url": [
    "http://www.camscma.cn/en.html"
  ]
}
