{
    "CC BY 4.0": {
        "kind": "CC BY 4.0",
        "license_id": "Creative Commons Attribution 4.0 International",
        "license_url": "https://creativecommons.org/licenses/by/4.0/"
    },
    "CC BY-NC-SA 4.0": {
        "kind": "CC BY-NC-SA 4.0",
        "license_id": "Creative Commons Attribution-NonCommercial-ShareAlike 4.0 International",
        "license_url": "https://creativecommons.org/licenses/by-nc-sa/4.0/"
    },
    "CC BY-SA 4.0": {
        "kind": "CC BY-SA 4.0",
        "license_id": "Creative Commons Attribution-ShareAlike 4.0 International",
        "license_url": "https://creativecommons.org/licenses/by-sa/4.0/"
    },
    "CC0 1.0": {
        "kind": "CC0 1.0",
        "license_id": "Creative Commons CC0 1.0 Universal Public Domain Dedication",
        "license_url": "https://creativecommons.org/publicdomain/zero/1.0/"
    }
}