{
    "1hr": {
        "description": "sampled hourly",
        "long_name": "1 Hourly Frequency",
        "name": "1hr"
    },
    "1hrCM": {
        "description": "monthly-mean diurnal cycle resolving each day into 1-hour means",
        "long_name": "1 Hour Climatology Monthly",
        "name": "1hrCM"
    },
    "1hrPt": {
        "description": "sampled hourly, at specified time point within an hour",
        "long_name": "1 Hour Point",
        "name": "1hrPt"
    },
    "3hr": {
        "description": "3 hourly mean samples",
        "long_name": "3 Hourly Frequency",
        "name": "3hr"
    },
    "3hrPt": {
        "description": "sampled 3 hourly, at specified time point within the time period",
        "long_name": "3 Hour Point",
        "name": "3hrPt"
    },
    "6hr": {
        "description": "6 hourly mean samples",
        "long_name": "6 Hourly Frequency",
        "name": "6hr"
    },
    "6hrPt": {
        "description": "sampled 6 hourly, at specified time point within the time period",
        "long_name": "6 Hour Point",
        "name": "6hrPt"
    },
    "day": {
        "description": "daily mean samples",
        "long_name": "Daily Frequency",
        "name": "day"
    },
    "dec": {
        "description": "decadal mean samples",
        "long_name": "Decadal Frequency",
        "name": "dec"
    },
    "fx": {
        "description": "fixed (time invariant) field",
        "long_name": "Fixed Frequency",
        "name": "fx"
    },
    "mon": {
        "description": "monthly mean samples",
        "long_name": "Monthly Frequency",
        "name": "mon"
    },
    "monC": {
        "description": "monthly climatology computed from monthly mean samples",
        "long_name": "Monthly Climatology",
        "name": "monC"
    },
    "monPt": {
        "description": "sampled monthly, at specified time point within the time period",
        "long_name": "Monthly Point",
        "name": "monPt"
    },
    "subhrPt": {
        "description": "sampled sub-hourly, at specified time point within an hour",
        "long_name": "Sub-Hourly Point",
        "name": "subhrPt"
    },
    "yr": {
        "description": "annual mean samples",
        "long_name": "Yearly Frequency",
        "name": "yr"
    },
    "yrPt": {
        "description": "sampled yearly, at specified time point within the time period",
        "long_name": "Yearly Point",
        "name": "yrPt"
    }
}