[
  {
    "@id": "mip-cmor-tables/institutions/bcc",
    "@type": "institution",
    "institution:acronyms": [],
    "institution:aliases": [],
    "institution:cmip_acronym": "BCC",
    "institution:established": 2008,
    "institution:labels": [],
    "institution:location": {
      "@id": "mip-cmor-tables/institutions/location/01spyyb53",
      "@nest": {
        "location:city": "Beijing",
        "location:country": [
          "China",
          "CN"
        ],
        "location:lat": 39.950128,
        "location:lon": 116.383679
      },
      "@type": "institution:location"
    },
    "institution:name": "Beijing Biocytogen (China)",
    "institution:ror": "01spyyb53",
    "institution:type": "Company",
    "institution:url": [
      "http://www.bbctg.com.cn/"
    ]
  },
  {
    "@id": "mip-cmor-tables/institutions/ua",
    "@type": "institution",
    "institution:acronyms": [
      "UA"
    ],
    "institution:aliases": [],
    "institution:cmip_acronym": "UA",
    "institution:established": 1885,
    "institution:labels": [],
    "institution:location": {
      "@id": "mip-cmor-tables/institutions/location/03m2x1q45",
      "@nest": {
        "location:city": "Tucson",
        "location:country": [
          "United States",
          "US"
        ],
        "location:lat": 32.22174,
        "location:lon": -110.92648
      },
      "@type": "institution:location"
    },
    "institution:name": "University of Arizona",
    "institution:ror": "03m2x1q45",
    "institution:type": "Education",
    "institution:url": [
      "http://www.arizona.edu/"
    ]
  },
  {
    "@id": "mip-cmor-tables/institutions/ntu",
    "@type": "institution",
    "institution:acronyms": [
      "NTU"
    ],
    "institution:aliases": [],
    "institution:cmip_acronym": "NTU",
    "institution:established": 1928,
    "institution:labels": [],
    "institution:location": {
      "@id": "mip-cmor-tables/institutions/location/05bqach95",
      "@nest": {
        "location:city": "Taipei",
        "location:country": [
          "Taiwan",
          "TW"
        ],
        "location:lat": 25.016,
        "location:lon": 121.536
      },
      "@type": "institution:location"
    },
    "institution:name": "National Taiwan University",
    "institution:ror": "05bqach95",
    "institution:type": "Education",
    "institution:url": [
      "http://www.ntu.edu.tw/english/"
    ]
  },
  {
    "@id": "mip-cmor-tables/institutions/nasa-gsfc",
    "@type": "institution",
    "institution:acronyms": [
      "GSFC"
    ],
    "institution:aliases": [],
    "institution:cmip_acronym": "NASA-GSFC",
    "institution:established": 1959,
    "institution:labels": [],
    "institution:location": {
      "@id": "mip-cmor-tables/institutions/location/0171mag52",
      "@nest": {
        "location:city": "Greenbelt",
        "location:country": [
          "United States",
          "US"
        ],
        "location:lat": 39.00455,
        "location:lon": -76.87553
      },
      "@type": "institution:location"
    },
    "institution:name": "Goddard Space Flight Center",
    "institution:ror": "0171mag52",
    "institution:type": "Facility",
    "institution:url": [
      "https://www.nasa.gov/centers/goddard/home/index.html"
    ]
  },
  {
    "@id": "mip-cmor-tables/institutions/cccma",
    "@type": "institution",
    "institution:acronyms": [
      "ECCC"
    ],
    "institution:aliases": [],
    "institution:cmip_acronym": "CCCma",
    "institution:established": 1971,
    "institution:labels": [],
    "institution:location": {
      "@id": "mip-cmor-tables/institutions/location/026ny0e17",
      "@nest": {
        "location:city": "Gatineau",
        "location:country": [
          "Canada",
          "CA"
        ],
        "location:lat": 45.425373,
        "location:lon": -75.699862
      },
      "@type": "institution:location"
    },
    "institution:name": "Environment and Climate Change Canada",
    "institution:ror": "026ny0e17",
    "institution:type": "Government",
    "institution:url": [
      "https://www.canada.ca/en/environment-climate-change.html"
    ]
  },
  {
    "@id": "mip-cmor-tables/institutions/cnes",
    "@type": "institution",
    "institution:acronyms": [
      "CNES"
    ],
    "institution:aliases": [],
    "institution:cmip_acronym": "CNES",
    "institution:established": 1961,
    "institution:labels": [],
    "institution:location": {
      "@id": "mip-cmor-tables/institutions/location/04h1h0y33",
      "@nest": {
        "location:city": "Paris",
        "location:country": [
          "France",
          "FR"
        ],
        "location:lat": 48.85341,
        "location:lon": 2.3488
      },
      "@type": "institution:location"
    },
    "institution:name": "Centre National d'Études Spatiales",
    "institution:ror": "04h1h0y33",
    "institution:type": "Government",
    "institution:url": [
      "https://www.cnes.fr"
    ]
  },
  {
    "@id": "mip-cmor-tables/institutions/mpi-m",
    "@type": "institution",
    "institution:acronyms": [
      "MPI-M"
    ],
    "institution:aliases": [],
    "institution:cmip_acronym": "MPI-M",
    "institution:established": 1975,
    "institution:labels": [],
    "institution:location": {
      "@id": "mip-cmor-tables/institutions/location/05esem239",
      "@nest": {
        "location:city": "Hamburg",
        "location:country": [
          "Germany",
          "DE"
        ],
        "location:lat": 53.567794,
        "location:lon": 9.975468
      },
      "@type": "institution:location"
    },
    "institution:name": "Max Planck Institute for Meteorology",
    "institution:ror": "05esem239",
    "institution:type": "Facility",
    "institution:url": [
      "http://www.mpimet.mpg.de/en/home.html"
    ]
  },
  {
    "@id": "mip-cmor-tables/institutions/nuist",
    "@type": "institution",
    "institution:acronyms": [
      "NU",
      "NJU "
    ],
    "institution:aliases": [
      "Nanking University"
    ],
    "institution:cmip_acronym": "NUIST",
    "institution:established": 1902,
    "institution:labels": [],
    "institution:location": {
      "@id": "mip-cmor-tables/institutions/location/01rxvg760",
      "@nest": {
        "location:city": "Nanjing",
        "location:country": [
          "China",
          "CN"
        ],
        "location:lat": 32.056111,
        "location:lon": 118.775
      },
      "@type": "institution:location"
    },
    "institution:name": "Nanjing University",
    "institution:ror": "01rxvg760",
    "institution:type": "Education",
    "institution:url": [
      "http://www.nju.edu.cn/english/"
    ]
  },
  {
    "@id": "mip-cmor-tables/institutions/aer",
    "@type": "institution",
    "institution:acronyms": [
      "AER"
    ],
    "institution:aliases": [],
    "institution:cmip_acronym": "AER",
    "institution:established": 1977,
    "institution:labels": [],
    "institution:location": {
      "@id": "mip-cmor-tables/institutions/location/04cg70g73",
      "@nest": {
        "location:city": "Lexington",
        "location:country": [
          "United States",
          "US"
        ],
        "location:lat": 42.539472,
        "location:lon": -71.256946
      },
      "@type": "institution:location"
    },
    "institution:name": "Atmospheric and Environmental Research",
    "institution:ror": "04cg70g73",
    "institution:type": "Facility",
    "institution:url": [
      "http://www.aer.com/"
    ]
  },
  {
    "@id": "mip-cmor-tables/institutions/mohc",
    "@type": "institution",
    "institution:acronyms": [],
    "institution:aliases": [],
    "institution:cmip_acronym": "MOHC",
    "institution:established": 1990,
    "institution:labels": [],
    "institution:location": {
      "@id": "mip-cmor-tables/institutions/location/",
      "@nest": {
        "location:city": "Exeter",
        "location:country": [
          "United Kingdom",
          "GB"
        ],
        "location:lat": 50.7236,
        "location:lon": -3.52751
      },
      "@type": "institution:location"
    },
    "institution:name": "Met Office Hadley Centre",
    "institution:ror": "",
    "institution:type": "Government",
    "institution:url": [
      "https://www.metoffice.gov.uk/weather/climate/met-office-hadley-centre/index/"
    ]
  },
  {
    "@id": "mip-cmor-tables/institutions/cas",
    "@type": "institution",
    "institution:acronyms": [
      "CAS"
    ],
    "institution:aliases": [],
    "institution:cmip_acronym": "CAS",
    "institution:established": 1949,
    "institution:labels": [],
    "institution:location": {
      "@id": "mip-cmor-tables/institutions/location/034t30j35",
      "@nest": {
        "location:city": "Beijing",
        "location:country": [
          "China",
          "CN"
        ],
        "location:lat": 39.9075,
        "location:lon": 116.39723
      },
      "@type": "institution:location"
    },
    "institution:name": "Chinese Academy of Sciences",
    "institution:ror": "034t30j35",
    "institution:type": "Government",
    "institution:url": [
      "http://english.cas.cn/"
    ]
  },
  {
    "@id": "mip-cmor-tables/institutions/cmcc",
    "@type": "institution",
    "institution:acronyms": [
      "CMCC"
    ],
    "institution:aliases": [],
    "institution:cmip_acronym": "CMCC",
    "institution:established": 2005,
    "institution:labels": [],
    "institution:location": {
      "@id": "mip-cmor-tables/institutions/location/01tf11a61",
      "@nest": {
        "location:city": "Lecce",
        "location:country": [
          "Italy",
          "IT"
        ],
        "location:lat": 40.33942,
        "location:lon": 18.086602
      },
      "@type": "institution:location"
    },
    "institution:name": "Euro-Mediterranean Center for Climate Change",
    "institution:ror": "01tf11a61",
    "institution:type": "Nonprofit",
    "institution:url": [
      "http://www.cmcc.it/"
    ]
  },
  {
    "@id": "mip-cmor-tables/institutions/uofmd",
    "@type": "institution",
    "institution:acronyms": [
      "UMD"
    ],
    "institution:aliases": [],
    "institution:cmip_acronym": "UofMD",
    "institution:established": 1856,
    "institution:labels": [],
    "institution:location": {
      "@id": "mip-cmor-tables/institutions/location/047s2c258",
      "@nest": {
        "location:city": "College Park",
        "location:country": [
          "United States",
          "US"
        ],
        "location:lat": 38.98067,
        "location:lon": -76.93692
      },
      "@type": "institution:location"
    },
    "institution:name": "University of Maryland, College Park",
    "institution:ror": "047s2c258",
    "institution:type": "Education",
    "institution:url": [
      "http://www.umd.edu/"
    ]
  },
  {
    "@id": "mip-cmor-tables/institutions/dkrz",
    "@type": "institution",
    "institution:acronyms": [
      "DKRZ"
    ],
    "institution:aliases": [],
    "institution:cmip_acronym": "DKRZ",
    "institution:established": 1987,
    "institution:labels": [],
    "institution:location": {
      "@id": "mip-cmor-tables/institutions/location/03ztgj037",
      "@nest": {
        "location:city": "Hamburg",
        "location:country": [
          "Germany",
          "DE"
        ],
        "location:lat": 53.55073,
        "location:lon": 9.99302
      },
      "@type": "institution:location"
    },
    "institution:name": "German Climate Computing Centre",
    "institution:ror": "03ztgj037",
    "institution:type": "Facility",
    "institution:url": [
      "https://www.dkrz.de/"
    ]
  },
  {
    "@id": "mip-cmor-tables/institutions/noaa-ncei",
    "@type": "institution",
    "institution:acronyms": [
      "NCEI",
      "NOAA NCEI"
    ],
    "institution:aliases": [
      "National Climatic Data Center",
      "United States National Environmental Satellites, Data, and Information Service National Centers for Environmental Information",
      "United States National Centers for Environmental Information",
      "U.S. National Centers for Environmental Information",
      "National Centers for Environmental Information"
    ],
    "institution:cmip_acronym": "NOAA-NCEI",
    "institution:established": 1934,
    "institution:labels": [],
    "institution:location": {
      "@id": "mip-cmor-tables/institutions/location/04r0wrp59",
      "@nest": {
        "location:city": "Asheville",
        "location:country": [
          "United States",
          "US"
        ],
        "location:lat": 35.60095,
        "location:lon": -82.55402
      },
      "@type": "institution:location"
    },
    "institution:name": "NOAA National Centers for Environmental Information",
    "institution:ror": "04r0wrp59",
    "institution:type": "Government",
    "institution:url": [
      "https://www.ncei.noaa.gov"
    ]
  },
  {
    "@id": "mip-cmor-tables/institutions/mri",
    "@type": "institution",
    "institution:acronyms": [
      "JMA"
    ],
    "institution:aliases": [
      "Kishō-chō"
    ],
    "institution:cmip_acronym": "MRI",
    "institution:established": 1956,
    "institution:labels": [],
    "institution:location": {
      "@id": "mip-cmor-tables/institutions/location/02772kk97",
      "@nest": {
        "location:city": "Tokyo",
        "location:country": [
          "Japan",
          "JP"
        ],
        "location:lat": 35.6895,
        "location:lon": 139.69171
      },
      "@type": "institution:location"
    },
    "institution:name": "Japan Meteorological Agency",
    "institution:ror": "02772kk97",
    "institution:type": "Other",
    "institution:url": [
      "http://www.jma.go.jp/jma/indexe.html"
    ]
  },
  {
    "@id": "mip-cmor-tables/institutions/pnnl-waccem",
    "@type": "institution",
    "institution:acronyms": [
      "PNNL"
    ],
    "institution:aliases": [],
    "institution:cmip_acronym": "PNNL-WACCEM",
    "institution:established": 1965,
    "institution:labels": [],
    "institution:location": {
      "@id": "mip-cmor-tables/institutions/location/05h992307",
      "@nest": {
        "location:city": "Richland",
        "location:country": [
          "United States",
          "US"
        ],
        "location:lat": 46.28569,
        "location:lon": -119.28446
      },
      "@type": "institution:location"
    },
    "institution:name": "Pacific Northwest National Laboratory",
    "institution:ror": "05h992307",
    "institution:type": "Facility",
    "institution:url": [
      "http://www.pnnl.gov/"
    ]
  },
  {
    "@id": "mip-cmor-tables/institutions/llnl",
    "@type": "institution",
    "institution:acronyms": [
      "LLNL",
      "LLL"
    ],
    "institution:aliases": [
      "United States Department of Energy National Nuclear Security Administration Lawrence Livermore National Laboratory",
      "U.S. Department of Energy National Nuclear Security Administration Los Alamos National Laboratory",
      "United States Department of Energy Los Alamos National Laboratory",
      "U.S. Department of Energy Los Alamos National Laboratory"
    ],
    "institution:cmip_acronym": "LLNL",
    "institution:established": 1952,
    "institution:labels": [],
    "institution:location": {
      "@id": "mip-cmor-tables/institutions/location/041nk4h53",
      "@nest": {
        "location:city": "Livermore",
        "location:country": [
          "United States",
          "US"
        ],
        "location:lat": 37.68187,
        "location:lon": -121.76801
      },
      "@type": "institution:location"
    },
    "institution:name": "Lawrence Livermore National Laboratory",
    "institution:ror": "041nk4h53",
    "institution:type": "Facility",
    "institution:url": [
      "https://www.llnl.gov/"
    ]
  },
  {
    "@id": "mip-cmor-tables/institutions/nerc",
    "@type": "institution",
    "institution:acronyms": [
      "NERC"
    ],
    "institution:aliases": [],
    "institution:cmip_acronym": "NERC",
    "institution:established": 1965,
    "institution:labels": [],
    "institution:location": {
      "@id": "mip-cmor-tables/institutions/location/02b5d8509",
      "@nest": {
        "location:city": "Swindon",
        "location:country": [
          "United Kingdom",
          "GB"
        ],
        "location:lat": 51.55797,
        "location:lon": -1.78116
      },
      "@type": "institution:location"
    },
    "institution:name": "Natural Environment Research Council",
    "institution:ror": "02b5d8509",
    "institution:type": "Government",
    "institution:url": [
      "https://www.ukri.org/councils/nerc/"
    ]
  },
  {
    "@id": "mip-cmor-tables/institutions/iaceth",
    "@type": "institution",
    "institution:acronyms": [],
    "institution:aliases": [
      "Swiss Federal Institute of Technology in Zurich",
      "Eidgenössische Technische Hochschule Zürich",
      "École Polytechnique Fédérale de Zurich",
      "Politecnico Federale di Zurigo"
    ],
    "institution:cmip_acronym": "IACETH",
    "institution:established": 1855,
    "institution:labels": [],
    "institution:location": {
      "@id": "mip-cmor-tables/institutions/location/05a28rw58",
      "@nest": {
        "location:city": "Zurich",
        "location:country": [
          "Switzerland",
          "CH"
        ],
        "location:lat": 47.36667,
        "location:lon": 8.55
      },
      "@type": "institution:location"
    },
    "institution:name": "ETH Zurich",
    "institution:ror": "05a28rw58",
    "institution:type": "Education",
    "institution:url": [
      "https://ethz.ch"
    ]
  },
  {
    "@id": "mip-cmor-tables/institutions/rss",
    "@type": "institution",
    "institution:acronyms": [
      "RSS"
    ],
    "institution:aliases": [],
    "institution:cmip_acronym": "RSS",
    "institution:established": 1974,
    "institution:labels": [],
    "institution:location": {
      "@id": "mip-cmor-tables/institutions/location/01vp8h012",
      "@nest": {
        "location:city": "Santa Rosa",
        "location:country": [
          "United States",
          "US"
        ],
        "location:lat": 38.443733,
        "location:lon": -122.717185
      },
      "@type": "institution:location"
    },
    "institution:name": "Remote Sensing Systems (United States)",
    "institution:ror": "01vp8h012",
    "institution:type": "Company",
    "institution:url": [
      "http://www.remss.com/"
    ]
  },
  {
    "@id": "mip-cmor-tables/institutions/ncar",
    "@type": "institution",
    "institution:acronyms": [
      "NCAR"
    ],
    "institution:aliases": [],
    "institution:cmip_acronym": "NCAR",
    "institution:established": 1930,
    "institution:labels": [],
    "institution:location": {
      "@id": "mip-cmor-tables/institutions/location/05cvfcr44",
      "@nest": {
        "location:city": "Boulder",
        "location:country": [
          "United States",
          "US"
        ],
        "location:lat": 40.01499,
        "location:lon": -105.27055
      },
      "@type": "institution:location"
    },
    "institution:name": "National Center for Atmospheric Research",
    "institution:ror": "05cvfcr44",
    "institution:type": "Facility",
    "institution:url": [
      "https://ncar.ucar.edu/"
    ]
  },
  {
    "@id": "mip-cmor-tables/institutions/csiro",
    "@type": "institution",
    "institution:acronyms": [
      "CSIRO"
    ],
    "institution:aliases": [],
    "institution:cmip_acronym": "CSIRO",
    "institution:established": 1926,
    "institution:labels": [],
    "institution:location": {
      "@id": "mip-cmor-tables/institutions/location/03qn8fb07",
      "@nest": {
        "location:city": "Canberra",
        "location:country": [
          "Australia",
          "AU"
        ],
        "location:lat": -35.28346,
        "location:lon": 149.12807
      },
      "@type": "institution:location"
    },
    "institution:name": "Commonwealth Scientific and Industrial Research Organisation",
    "institution:ror": "03qn8fb07",
    "institution:type": "Government",
    "institution:url": [
      "http://www.csiro.au/"
    ]
  },
  {
    "@id": "mip-cmor-tables/institutions/esso",
    "@type": "institution",
    "institution:acronyms": [
      "INCOIS"
    ],
    "institution:aliases": [],
    "institution:cmip_acronym": "ESSO",
    "institution:established": 1999,
    "institution:labels": [],
    "institution:location": {
      "@id": "mip-cmor-tables/institutions/location/04xbqmj23",
      "@nest": {
        "location:city": "Hyderabad",
        "location:country": [
          "India",
          "IN"
        ],
        "location:lat": 17.528234,
        "location:lon": 78.400195
      },
      "@type": "institution:location"
    },
    "institution:name": "Indian National Centre for Ocean Information Services",
    "institution:ror": "04xbqmj23",
    "institution:type": "Government",
    "institution:url": [
      "http://www.incois.gov.in/portal/index.jsp"
    ]
  },
  {
    "@id": "mip-cmor-tables/institutions/thu",
    "@type": "institution",
    "institution:acronyms": [
      "THU"
    ],
    "institution:aliases": [],
    "institution:cmip_acronym": "THU",
    "institution:established": 1911,
    "institution:labels": [],
    "institution:location": {
      "@id": "mip-cmor-tables/institutions/location/03cve4549",
      "@nest": {
        "location:city": "Beijing",
        "location:country": [
          "China",
          "CN"
        ],
        "location:lat": 39.999585,
        "location:lon": 116.325414
      },
      "@type": "institution:location"
    },
    "institution:name": "Tsinghua University",
    "institution:ror": "03cve4549",
    "institution:type": "Education",
    "institution:url": [
      "http://www.tsinghua.edu.cn/publish/newthuen/"
    ]
  },
  {
    "@id": "mip-cmor-tables/institutions/uhh",
    "@type": "institution",
    "institution:acronyms": [
      "UHH"
    ],
    "institution:aliases": [
      "University of Hamburg"
    ],
    "institution:cmip_acronym": "UHH",
    "institution:established": 1919,
    "institution:labels": [],
    "institution:location": {
      "@id": "mip-cmor-tables/institutions/location/00g30e956",
      "@nest": {
        "location:city": "Hamburg",
        "location:country": [
          "Germany",
          "DE"
        ],
        "location:lat": 53.55073,
        "location:lon": 9.99302
      },
      "@type": "institution:location"
    },
    "institution:name": "Universität Hamburg",
    "institution:ror": "00g30e956",
    "institution:type": "Education",
    "institution:url": [
      "http://www.uni-hamburg.de"
    ]
  },
  {
    "@id": "mip-cmor-tables/institutions/awi",
    "@type": "institution",
    "institution:acronyms": [
      "AWI"
    ],
    "institution:aliases": [],
    "institution:cmip_acronym": "AWI",
    "institution:established": 1980,
    "institution:labels": [],
    "institution:location": {
      "@id": "mip-cmor-tables/institutions/location/032e6b942",
      "@nest": {
        "location:city": "Bremerhaven",
        "location:country": [
          "Germany",
          "DE"
        ],
        "location:lat": 53.53615,
        "location:lon": 8.59298
      },
      "@type": "institution:location"
    },
    "institution:name": "Alfred Wegener Institute for Polar and Marine Research",
    "institution:ror": "032e6b942",
    "institution:type": "Facility",
    "institution:url": [
      "https://www.awi.de"
    ]
  },
  {
    "@id": "mip-cmor-tables/institutions/cams",
    "@type": "institution",
    "institution:acronyms": [
      "CAMS"
    ],
    "institution:aliases": [],
    "institution:cmip_acronym": "CAMS",
    "institution:established": 1978,
    "institution:labels": [],
    "institution:location": {
      "@id": "mip-cmor-tables/institutions/location/034b53w38",
      "@nest": {
        "location:city": "Beijing",
        "location:country": [
          "China",
          "CN"
        ],
        "location:lat": 39.9075,
        "location:lon": 116.39723
      },
      "@type": "institution:location"
    },
    "institution:name": "Chinese Academy of Meteorological Sciences",
    "institution:ror": "034b53w38",
    "institution:type": "Facility",
    "institution:url": [
      "http://www.camscma.cn/en.html"
    ]
  },
  {
    "@id": "mip-cmor-tables/institutions/ecmwf",
    "@type": "institution",
    "institution:acronyms": [
      "ECMWF"
    ],
    "institution:aliases": [],
    "institution:cmip_acronym": "ECMWF",
    "institution:established": 1975,
    "institution:labels": [],
    "institution:location": {
      "@id": "mip-cmor-tables/institutions/location/014w0fd65",
      "@nest": {
        "location:city": "Reading",
        "location:country": [
          "United Kingdom",
          "GB"
        ],
        "location:lat": 51.45625,
        "location:lon": -0.97113
      },
      "@type": "institution:location"
    },
    "institution:name": "European Centre for Medium-Range Weather Forecasts",
    "institution:ror": "014w0fd65",
    "institution:type": "Other",
    "institution:url": [
      "http://www.ecmwf.int/"
    ]
  },
  {
    "@id": "mip-cmor-tables/institutions/imperialcollege",
    "@type": "institution",
    "institution:acronyms": [],
    "institution:aliases": [],
    "institution:cmip_acronym": "ImperialCollege",
    "institution:established": 1907,
    "institution:labels": [],
    "institution:location": {
      "@id": "mip-cmor-tables/institutions/location/041kmwe10",
      "@nest": {
        "location:city": "London",
        "location:country": [
          "United Kingdom",
          "GB"
        ],
        "location:lat": 51.4986,
        "location:lon": -0.175478
      },
      "@type": "institution:location"
    },
    "institution:name": "Imperial College London",
    "institution:ror": "041kmwe10",
    "institution:type": "Education",
    "institution:url": [
      "http://www.imperial.ac.uk/"
    ]
  },
  {
    "@id": "mip-cmor-tables/institutions/pcmdi",
    "@type": "institution",
    "institution:acronyms": [
      "LLNL",
      "LLL"
    ],
    "institution:aliases": [
      "United States Department of Energy National Nuclear Security Administration Lawrence Livermore National Laboratory",
      "U.S. Department of Energy National Nuclear Security Administration Los Alamos National Laboratory",
      "United States Department of Energy Los Alamos National Laboratory",
      "U.S. Department of Energy Los Alamos National Laboratory"
    ],
    "institution:cmip_acronym": "PCMDI",
    "institution:established": 1952,
    "institution:labels": [],
    "institution:location": {
      "@id": "mip-cmor-tables/institutions/location/041nk4h53",
      "@nest": {
        "location:city": "Livermore",
        "location:country": [
          "United States",
          "US"
        ],
        "location:lat": 37.68187,
        "location:lon": -121.76801
      },
      "@type": "institution:location"
    },
    "institution:name": "Lawrence Livermore National Laboratory",
    "institution:ror": "041nk4h53",
    "institution:type": "Facility",
    "institution:url": [
      "https://www.llnl.gov/"
    ]
  },
  {
    "@id": "mip-cmor-tables/institutions/vua",
    "@type": "institution",
    "institution:acronyms": [
      "VU"
    ],
    "institution:aliases": [
      "VU Amsterdam"
    ],
    "institution:cmip_acronym": "VUA",
    "institution:established": 1880,
    "institution:labels": [],
    "institution:location": {
      "@id": "mip-cmor-tables/institutions/location/008xxew50",
      "@nest": {
        "location:city": "Amsterdam",
        "location:country": [
          "Netherlands",
          "NL"
        ],
        "location:lat": 52.37403,
        "location:lon": 4.88969
      },
      "@type": "institution:location"
    },
    "institution:name": "Vrije Universiteit Amsterdam",
    "institution:ror": "008xxew50",
    "institution:type": "Education",
    "institution:url": [
      "https://vu.nl/"
    ]
  },
  {
    "@id": "mip-cmor-tables/institutions/ncas",
    "@type": "institution",
    "institution:acronyms": [],
    "institution:aliases": [],
    "institution:cmip_acronym": "NCAS",
    "institution:established": 1997,
    "institution:labels": [],
    "institution:location": {
      "@id": "mip-cmor-tables/institutions/location/03q36cn05",
      "@nest": {
        "location:city": "Islamabad",
        "location:country": [
          "Pakistan",
          "PK"
        ],
        "location:lat": 33.72148,
        "location:lon": 73.04329
      },
      "@type": "institution:location"
    },
    "institution:name": "Uks",
    "institution:ror": "03q36cn05",
    "institution:type": "Facility",
    "institution:url": [
      "http://www.uksresearch.com/"
    ]
  },
  {
    "@id": "mip-cmor-tables/institutions/nasa-giss",
    "@type": "institution",
    "institution:acronyms": [
      "GISS"
    ],
    "institution:aliases": [],
    "institution:cmip_acronym": "NASA-GISS",
    "institution:established": 1961,
    "institution:labels": [],
    "institution:location": {
      "@id": "mip-cmor-tables/institutions/location/01cyfxe35",
      "@nest": {
        "location:city": "New York",
        "location:country": [
          "United States",
          "US"
        ],
        "location:lat": 40.71427,
        "location:lon": -74.00597
      },
      "@type": "institution:location"
    },
    "institution:name": "Goddard Institute for Space Studies",
    "institution:ror": "01cyfxe35",
    "institution:type": "Facility",
    "institution:url": [
      "http://www.giss.nasa.gov/"
    ]
  },
  {
    "@id": "mip-cmor-tables/institutions/dwd",
    "@type": "institution",
    "institution:acronyms": [
      "DWD"
    ],
    "institution:aliases": [],
    "institution:cmip_acronym": "DWD",
    "institution:established": 1952,
    "institution:labels": [],
    "institution:location": {
      "@id": "mip-cmor-tables/institutions/location/02nrqs528",
      "@nest": {
        "location:city": "Offenbach",
        "location:country": [
          "Germany",
          "DE"
        ],
        "location:lat": 50.103322,
        "location:lon": 8.747606
      },
      "@type": "institution:location"
    },
    "institution:name": "German Meteorological Service",
    "institution:ror": "02nrqs528",
    "institution:type": "Facility",
    "institution:url": [
      "http://www.dwd.de/"
    ]
  },
  {
    "@id": "mip-cmor-tables/institutions/uom",
    "@type": "institution",
    "institution:acronyms": [],
    "institution:aliases": [
      "Melbourne University"
    ],
    "institution:cmip_acronym": "UoM",
    "institution:established": 1853,
    "institution:labels": [],
    "institution:location": {
      "@id": "mip-cmor-tables/institutions/location/01ej9dk98",
      "@nest": {
        "location:city": "Melbourne",
        "location:country": [
          "Australia",
          "AU"
        ],
        "location:lat": -37.814,
        "location:lon": 144.96332
      },
      "@type": "institution:location"
    },
    "institution:name": "University of Melbourne",
    "institution:ror": "01ej9dk98",
    "institution:type": "Education",
    "institution:url": [
      "http://www.unimelb.edu.au/"
    ]
  },
  {
    "@id": "mip-cmor-tables/institutions/kiost",
    "@type": "institution",
    "institution:acronyms": [
      "KIOST"
    ],
    "institution:aliases": [
      "Korean Ocean Research and Development Institute"
    ],
    "institution:cmip_acronym": "KIOST",
    "institution:established": 1973,
    "institution:labels": [],
    "institution:location": {
      "@id": "mip-cmor-tables/institutions/location/032m55064",
      "@nest": {
        "location:city": "Busan",
        "location:country": [
          "South Korea",
          "KR"
        ],
        "location:lat": 35.10168,
        "location:lon": 129.03004
      },
      "@type": "institution:location"
    },
    "institution:name": "Korea Institute of Ocean Science and Technology",
    "institution:ror": "032m55064",
    "institution:type": "Facility",
    "institution:url": [
      "http://eng.kiost.ac/"
    ]
  },
  {
    "@id": "mip-cmor-tables/institutions/ucolorado",
    "@type": "institution",
    "institution:acronyms": [
      "CU"
    ],
    "institution:aliases": [],
    "institution:cmip_acronym": "UColorado",
    "institution:established": 1876,
    "institution:labels": [],
    "institution:location": {
      "@id": "mip-cmor-tables/institutions/location/00jc20583",
      "@nest": {
        "location:city": "Boulder",
        "location:country": [
          "United States",
          "US"
        ],
        "location:lat": 40.01499,
        "location:lon": -105.27055
      },
      "@type": "institution:location"
    },
    "institution:name": "University of Colorado System",
    "institution:ror": "00jc20583",
    "institution:type": "Education",
    "institution:url": [
      "http://www.cu.edu/"
    ]
  },
  {
    "@id": "mip-cmor-tables/institutions/cccr-iitm",
    "@type": "institution",
    "institution:acronyms": [
      "IITM"
    ],
    "institution:aliases": [],
    "institution:cmip_acronym": "CCCR-IITM",
    "institution:established": 1962,
    "institution:labels": [],
    "institution:location": {
      "@id": "mip-cmor-tables/institutions/location/03jf2m686",
      "@nest": {
        "location:city": "Pune",
        "location:country": [
          "India",
          "IN"
        ],
        "location:lat": 18.51957,
        "location:lon": 73.85535
      },
      "@type": "institution:location"
    },
    "institution:name": "Indian Institute of Tropical Meteorology",
    "institution:ror": "03jf2m686",
    "institution:type": "Facility",
    "institution:url": [
      "http://www.tropmet.res.in/"
    ]
  },
  {
    "@id": "mip-cmor-tables/institutions/nasa-larc",
    "@type": "institution",
    "institution:acronyms": [
      "LaRC"
    ],
    "institution:aliases": [],
    "institution:cmip_acronym": "NASA-LaRC",
    "institution:established": 1917,
    "institution:labels": [],
    "institution:location": {
      "@id": "mip-cmor-tables/institutions/location/0399mhs52",
      "@nest": {
        "location:city": "Hampton",
        "location:country": [
          "United States",
          "US"
        ],
        "location:lat": 37.02987,
        "location:lon": -76.34522
      },
      "@type": "institution:location"
    },
    "institution:name": "Langley Research Center",
    "institution:ror": "0399mhs52",
    "institution:type": "Facility",
    "institution:url": [
      "http://www.nasa.gov/langley"
    ]
  },
  {
    "@id": "mip-cmor-tables/institutions/snu",
    "@type": "institution",
    "institution:acronyms": [
      "SNU"
    ],
    "institution:aliases": [
      "Seoul Daehakgyo"
    ],
    "institution:cmip_acronym": "SNU",
    "institution:established": 1946,
    "institution:labels": [],
    "institution:location": {
      "@id": "mip-cmor-tables/institutions/location/04h9pn542",
      "@nest": {
        "location:city": "Seoul",
        "location:country": [
          "South Korea",
          "KR"
        ],
        "location:lat": 37.460155,
        "location:lon": 126.951894
      },
      "@type": "institution:location"
    },
    "institution:name": "Seoul National University",
    "institution:ror": "04h9pn542",
    "institution:type": "Education",
    "institution:url": [
      "http://www.snu.ac.kr/index.html"
    ]
  },
  {
    "@id": "mip-cmor-tables/institutions/inm",
    "@type": "institution",
    "institution:acronyms": [
      "INM RAS"
    ],
    "institution:aliases": [],
    "institution:cmip_acronym": "INM",
    "institution:established": 1980,
    "institution:labels": [],
    "institution:location": {
      "@id": "mip-cmor-tables/institutions/location/00520ey40",
      "@nest": {
        "location:city": "Moscow",
        "location:country": [
          "Russia",
          "RU"
        ],
        "location:lat": 55.762997,
        "location:lon": 37.625605
      },
      "@type": "institution:location"
    },
    "institution:name": "Institute of Numerical Mathematics",
    "institution:ror": "00520ey40",
    "institution:type": "Facility",
    "institution:url": [
      "http://www.inm.ras.ru/inm_en_ver/index.htm"
    ]
  },
  {
    "@id": "mip-cmor-tables/institutions/pnnl-jgcri",
    "@type": "institution",
    "institution:acronyms": [
      "JGCRI"
    ],
    "institution:aliases": [],
    "institution:cmip_acronym": "PNNL-JGCRI",
    "institution:established": 2001,
    "institution:labels": [],
    "institution:location": {
      "@id": "mip-cmor-tables/institutions/location/058cmd703",
      "@nest": {
        "location:city": "Riverdale Park",
        "location:country": [
          "United States",
          "US"
        ],
        "location:lat": 38.971106,
        "location:lon": -76.9217851
      },
      "@type": "institution:location"
    },
    "institution:name": "Joint Global Change Research Institute",
    "institution:ror": "058cmd703",
    "institution:type": "Facility",
    "institution:url": [
      "http://www.globalchange.umd.edu/"
    ]
  },
  {
    "@id": "mip-cmor-tables/institutions/solaris-heppa",
    "@type": "institution",
    "institution:acronyms": [
      "IFM-GEOMAR"
    ],
    "institution:aliases": [
      "Leibniz Institute of Marine Sciences"
    ],
    "institution:cmip_acronym": "SOLARIS-HEPPA",
    "institution:established": 2004,
    "institution:labels": [],
    "institution:location": {
      "@id": "mip-cmor-tables/institutions/location/02h2x0161",
      "@nest": {
        "location:city": "Kiel",
        "location:country": [
          "Germany",
          "DE"
        ],
        "location:lat": 54.327138,
        "location:lon": 10.180141
      },
      "@type": "institution:location"
    },
    "institution:name": "GEOMAR Helmholtz Centre for Ocean Research Kiel",
    "institution:ror": "02h2x0161",
    "institution:type": "Facility",
    "institution:url": [
      "http://www.geomar.de/en/"
    ]
  },
  {
    "@id": "mip-cmor-tables/institutions/ureading",
    "@type": "institution",
    "institution:acronyms": [],
    "institution:aliases": [],
    "institution:cmip_acronym": "UReading",
    "institution:established": 1926,
    "institution:labels": [],
    "institution:location": {
      "@id": "mip-cmor-tables/institutions/location/05v62cm79",
      "@nest": {
        "location:city": "Reading",
        "location:country": [
          "United Kingdom",
          "GB"
        ],
        "location:lat": 51.440832,
        "location:lon": -0.942503
      },
      "@type": "institution:location"
    },
    "institution:name": "University of Reading",
    "institution:ror": "05v62cm79",
    "institution:type": "Education",
    "institution:url": [
      "http://www.reading.ac.uk/"
    ]
  },
  {
    "@id": "mip-cmor-tables/institutions/nasa-jpl",
    "@type": "institution",
    "institution:acronyms": [
      "JPL"
    ],
    "institution:aliases": [
      "Jet Propulsion Lab",
      "Jet Propulsion Laboratory, California Institute of Technology"
    ],
    "institution:cmip_acronym": "NASA-JPL",
    "institution:established": 1936,
    "institution:labels": [],
    "institution:location": {
      "@id": "mip-cmor-tables/institutions/location/027k65916",
      "@nest": {
        "location:city": "La Cañada Flintridge",
        "location:country": [
          "United States",
          "US"
        ],
        "location:lat": 34.19917,
        "location:lon": -118.18785
      },
      "@type": "institution:location"
    },
    "institution:name": "Jet Propulsion Laboratory",
    "institution:ror": "027k65916",
    "institution:type": "Facility",
    "institution:url": [
      "http://www.jpl.nasa.gov/"
    ]
  },
  {
    "@id": "mip-cmor-tables/institutions/as-rcec",
    "@type": "institution",
    "institution:acronyms": [
      "RCEC"
    ],
    "institution:aliases": [],
    "institution:cmip_acronym": "AS-RCEC",
    "institution:established": null,
    "institution:labels": [],
    "institution:location": {
      "@id": "mip-cmor-tables/institutions/location/050qpg053",
      "@nest": {
        "location:city": "Taipei",
        "location:country": [
          "Taiwan",
          "TW"
        ],
        "location:lat": 25.040712,
        "location:lon": 121.614171
      },
      "@type": "institution:location"
    },
    "institution:name": "Research Center for Environmental Changes, Academia Sinica",
    "institution:ror": "050qpg053",
    "institution:type": "Facility",
    "institution:url": [
      "http://www.rcec.sinica.edu.tw/"
    ]
  },
  {
    "@id": "mip-cmor-tables/institutions/niwa",
    "@type": "institution",
    "institution:acronyms": [
      "NIWA"
    ],
    "institution:aliases": [
      "Taihoro Nukurangi"
    ],
    "institution:cmip_acronym": "NIWA",
    "institution:established": 1992,
    "institution:labels": [],
    "institution:location": {
      "@id": "mip-cmor-tables/institutions/location/04hxcaz34",
      "@nest": {
        "location:city": "Auckland",
        "location:country": [
          "New Zealand",
          "NZ"
        ],
        "location:lat": -36.84403,
        "location:lon": 174.76172
      },
      "@type": "institution:location"
    },
    "institution:name": "National Institute of Water and Atmospheric Research",
    "institution:ror": "04hxcaz34",
    "institution:type": "Facility",
    "institution:url": [
      "https://www.niwa.co.nz/"
    ]
  },
  {
    "@id": "mip-cmor-tables/institutions/uci",
    "@type": "institution",
    "institution:acronyms": [
      "UCI"
    ],
    "institution:aliases": [
      "UC Irvine"
    ],
    "institution:cmip_acronym": "UCI",
    "institution:established": 1965,
    "institution:labels": [],
    "institution:location": {
      "@id": "mip-cmor-tables/institutions/location/04gyf1771",
      "@nest": {
        "location:city": "Irvine",
        "location:country": [
          "United States",
          "US"
        ],
        "location:lat": 33.64535,
        "location:lon": -117.842642
      },
      "@type": "institution:location"
    },
    "institution:name": "University of California, Irvine",
    "institution:ror": "04gyf1771",
    "institution:type": "Education",
    "institution:url": [
      "http://uci.edu/"
    ]
  },
  {
    "@id": "mip-cmor-tables/institutions/osu",
    "@type": "institution",
    "institution:acronyms": [
      "OSU"
    ],
    "institution:aliases": [],
    "institution:cmip_acronym": "OSU",
    "institution:established": 1868,
    "institution:labels": [],
    "institution:location": {
      "@id": "mip-cmor-tables/institutions/location/00ysfqy60",
      "@nest": {
        "location:city": "Corvallis",
        "location:country": [
          "United States",
          "US"
        ],
        "location:lat": 44.56457,
        "location:lon": -123.26204
      },
      "@type": "institution:location"
    },
    "institution:name": "Oregon State University",
    "institution:ror": "00ysfqy60",
    "institution:type": "Education",
    "institution:url": [
      "http://oregonstate.edu/"
    ]
  },
  {
    "@id": "mip-cmor-tables/institutions/mpi-b",
    "@type": "institution",
    "institution:acronyms": [],
    "institution:aliases": [],
    "institution:cmip_acronym": "MPI-B",
    "institution:established": 1997,
    "institution:labels": [],
    "institution:location": {
      "@id": "mip-cmor-tables/institutions/location/051yxp643",
      "@nest": {
        "location:city": "Jena",
        "location:country": [
          "Germany",
          "DE"
        ],
        "location:lat": 50.910556,
        "location:lon": 11.567222
      },
      "@type": "institution:location"
    },
    "institution:name": "Max Planck Institute for Biogeochemistry",
    "institution:ror": "051yxp643",
    "institution:type": "Facility",
    "institution:url": [
      "http://www.bgc-jena.mpg.de/"
    ]
  },
  {
    "@id": "mip-cmor-tables/institutions/jaxa",
    "@type": "institution",
    "institution:acronyms": [
      "JAXA"
    ],
    "institution:aliases": [
      "Dokuritsu-gyōsei-hōjin Uchū Kōkū Kenkyū Kaihatsu Kikō",
      "Independent Administrative Institution on Aerospace Research and Development"
    ],
    "institution:cmip_acronym": "JAXA",
    "institution:established": 2003,
    "institution:labels": [],
    "institution:location": {
      "@id": "mip-cmor-tables/institutions/location/059yhyy33",
      "@nest": {
        "location:city": "Tokyo",
        "location:country": [
          "Japan",
          "JP"
        ],
        "location:lat": 35.680834,
        "location:lon": 139.558269
      },
      "@type": "institution:location"
    },
    "institution:name": "Japan Aerospace Exploration Agency",
    "institution:ror": "059yhyy33",
    "institution:type": "Facility",
    "institution:url": [
      "http://global.jaxa.jp/"
    ]
  },
  {
    "@id": "mip-cmor-tables/institutions/uw",
    "@type": "institution",
    "institution:acronyms": [
      "UW"
    ],
    "institution:aliases": [],
    "institution:cmip_acronym": "UW",
    "institution:established": 1861,
    "institution:labels": [],
    "institution:location": {
      "@id": "mip-cmor-tables/institutions/location/00cvxb145",
      "@nest": {
        "location:city": "Seattle",
        "location:country": [
          "United States",
          "US"
        ],
        "location:lat": 47.60621,
        "location:lon": -122.33207
      },
      "@type": "institution:location"
    },
    "institution:name": "University of Washington",
    "institution:ror": "00cvxb145",
    "institution:type": "Education",
    "institution:url": [
      "http://www.washington.edu/"
    ]
  },
  {
    "@id": "mip-cmor-tables/institutions/ucsb",
    "@type": "institution",
    "institution:acronyms": [
      "UCSB"
    ],
    "institution:aliases": [
      "UC Santa Barbara"
    ],
    "institution:cmip_acronym": "UCSB",
    "institution:established": 1891,
    "institution:labels": [],
    "institution:location": {
      "@id": "mip-cmor-tables/institutions/location/02t274463",
      "@nest": {
        "location:city": "Santa Barbara",
        "location:country": [
          "United States",
          "US"
        ],
        "location:lat": 34.42083,
        "location:lon": -119.69819
      },
      "@type": "institution:location"
    },
    "institution:name": "University of California, Santa Barbara",
    "institution:ror": "02t274463",
    "institution:type": "Education",
    "institution:url": [
      "http://www.ucsb.edu/"
    ]
  },
  {
    "@id": "mip-cmor-tables/institutions/ceda",
    "@type": "institution",
    "institution:acronyms": [
      "CEDA"
    ],
    "institution:aliases": [],
    "institution:cmip_acronym": "CEDA",
    "institution:established": 2005,
    "institution:labels": [],
    "institution:location": {
      "@id": "mip-cmor-tables/institutions/location/04j4kad11",
      "@nest": {
        "location:city": "Harwell",
        "location:country": [
          "United Kingdom",
          "GB"
        ],
        "location:lat": 53.41667,
        "location:lon": -0.96667
      },
      "@type": "institution:location"
    },
    "institution:name": "Centre for Environmental Data Analysis",
    "institution:ror": "04j4kad11",
    "institution:type": "Government",
    "institution:url": [
      "https://www.ceda.ac.uk/"
    ]
  },
  {
    "@id": "mip-cmor-tables/institutions/ipsl",
    "@type": "institution",
    "institution:acronyms": [
      "IPSL"
    ],
    "institution:aliases": [],
    "institution:cmip_acronym": "IPSL",
    "institution:established": 1991,
    "institution:labels": [],
    "institution:location": {
      "@id": "mip-cmor-tables/institutions/location/02haar591",
      "@nest": {
        "location:city": "Paris",
        "location:country": [
          "France",
          "FR"
        ],
        "location:lat": 48.855675,
        "location:lon": 2.332105
      },
      "@type": "institution:location"
    },
    "institution:name": "Institut Pierre-Simon Laplace",
    "institution:ror": "02haar591",
    "institution:type": "Facility",
    "institution:url": [
      "https://www.ipsl.fr/en/"
    ]
  },
  {
    "@id": "mip-cmor-tables/consortia/ncc",
    "@type": "consortium",
    "consortium:changes": "",
    "consortium:cmip_acronym": "NCC",
    "consortium:description": "NCC",
    "consortium:members": {
      "@set": [
        {
          "@id": "noresm climate modeling consortium consisting of cicero (center for international climate and environmental research, oslo 0349)"
        },
        {
          "@id": "met-norway (norwegian meteorological institute, oslo 0313)"
        },
        {
          "@id": "nersc (nansen environmental and remote sensing center, bergen 5006)"
        },
        {
          "@id": "nilu (norwegian institute for air research, kjeller 2027)"
        },
        {
          "@id": "uib (university of bergen, bergen 5007)"
        },
        {
          "@id": "uio (university of oslo, oslo 0313)"
        },
        {
          "@id": "uni (uni research, bergen 5008) norway"
        }
      ]
    },
    "consortium:url": ""
  },
  {
    "@id": "mip-cmor-tables/consortia/ec-earth-consortium",
    "@type": "consortium",
    "consortium:changes": "",
    "consortium:cmip_acronym": "EC-Earth-Consortium",
    "consortium:description": "EC-Earth-Consortium",
    "consortium:members": {
      "@set": [
        {
          "@id": "aemet, spain"
        },
        {
          "@id": "bsc, spain"
        },
        {
          "@id": "cnr-isac, italy"
        },
        {
          "@id": "dmi, denmark"
        },
        {
          "@id": "enea, italy"
        },
        {
          "@id": "fmi, finland"
        },
        {
          "@id": "geomar, germany"
        },
        {
          "@id": "ichec, ireland"
        },
        {
          "@id": "ictp, italy"
        },
        {
          "@id": "idl, portugal"
        },
        {
          "@id": "imau, the netherlands"
        },
        {
          "@id": "ipma, portugal"
        },
        {
          "@id": "kit, karlsruhe, germany"
        },
        {
          "@id": "knmi, the netherlands"
        },
        {
          "@id": "lund university, sweden"
        },
        {
          "@id": "met eireann, ireland"
        },
        {
          "@id": "nlesc, the netherlands"
        },
        {
          "@id": "ntnu, norway"
        },
        {
          "@id": "oxford university, uk"
        },
        {
          "@id": "surfsara, the netherlands"
        },
        {
          "@id": "smhi, sweden"
        },
        {
          "@id": "stockholm university, sweden"
        },
        {
          "@id": "unite astr, belgium"
        },
        {
          "@id": "university college dublin, ireland"
        },
        {
          "@id": "university of bergen, norway"
        },
        {
          "@id": "university of copenhagen, denmark"
        },
        {
          "@id": "university of helsinki, finland"
        },
        {
          "@id": "university of santiago de compostela, spain"
        },
        {
          "@id": "uppsala university, sweden"
        },
        {
          "@id": "utrecht university, the netherlands"
        },
        {
          "@id": "vrije universiteit amsterdam, the netherlands"
        },
        {
          "@id": "wageningen university, the netherlands"
        }
      ]
    },
    "consortium:url": ""
  },
  {
    "@id": "mip-cmor-tables/consortia/espri-ipsl",
    "@type": "consortium",
    "consortium:changes": "",
    "consortium:cmip_acronym": "ESPRI-IPSL",
    "consortium:description": "ESPRI-IPSL",
    "consortium:members": {
      "@set": [
        {
          "@id": "ensemble de services pour la recherche"
        },
        {
          "@id": "institut pierre simon laplace (france)"
        }
      ]
    },
    "consortium:url": ""
  },
  {
    "@id": "mip-cmor-tables/consortia/nims-kma",
    "@type": "consortium",
    "consortium:changes": "",
    "consortium:cmip_acronym": "NIMS-KMA",
    "consortium:description": "NIMS-KMA",
    "consortium:members": {
      "@set": [
        {
          "@id": "national institute of meteorological sciences"
        },
        {
          "@id": "korea meteorological administration"
        }
      ]
    },
    "consortium:url": ""
  },
  {
    "@id": "mip-cmor-tables/consortia/messy-consortium",
    "@type": "consortium",
    "consortium:changes": "",
    "consortium:cmip_acronym": "MESSy-Consortium",
    "consortium:description": "The Modular Earth Submodel System (MESSy) Consortium",
    "consortium:members": {
      "@set": [
        {
          "@id": "institute for physics of the atmosphere, deutsches zentrum fur luft- und raumfahrt (dlr), wessling, bavaria 82234, germany"
        }
      ]
    },
    "consortium:url": ""
  },
  {
    "@id": "mip-cmor-tables/consortia/incois-nio-ipsl",
    "@type": "consortium",
    "consortium:changes": "",
    "consortium:cmip_acronym": "INCOIS-NIO-IPSL",
    "consortium:description": "INCOIS-NIO-IPSL",
    "consortium:members": {
      "@set": [
        {
          "@id": "incois(india)"
        },
        {
          "@id": "nio(india)"
        },
        {
          "@id": "ipsl(france)"
        }
      ]
    },
    "consortium:url": ""
  },
  {
    "@id": "mip-cmor-tables/consortia/noaa-gfdl",
    "@type": "consortium",
    "consortium:changes": "",
    "consortium:cmip_acronym": "NOAA-GFDL",
    "consortium:description": "NOAA-GFDL",
    "consortium:members": {
      "@set": [
        {
          "@id": "national oceanic and atmospheric administration"
        },
        {
          "@id": "geophysical fluid dynamics laboratory, princeton, nj 08540, usa"
        }
      ]
    },
    "consortium:url": ""
  },
  {
    "@id": "mip-cmor-tables/consortia/fio-qlnm",
    "@type": "consortium",
    "consortium:changes": "",
    "consortium:cmip_acronym": "FIO-QLNM",
    "consortium:description": "FIO-QLNM",
    "consortium:members": {
      "@set": [
        {
          "@id": "fio (first institute of oceanography, ministry of natural resources, qingdao 266061, china)"
        },
        {
          "@id": "qnlm (qingdao national laboratory for marine science and technology, qingdao 266237, china)"
        }
      ]
    },
    "consortium:url": ""
  },
  {
    "@id": "mip-cmor-tables/consortia/e3sm-project",
    "@type": "consortium",
    "consortium:changes": "",
    "consortium:cmip_acronym": "E3SM-Project",
    "consortium:description": "E3SM-Project",
    "consortium:members": {
      "@set": [
        {
          "@id": "mip-cmor-tables/institutions/llnl"
        },
        {
          "@id": "anl (argonne national laboratory, argonne, il 60439, usa)"
        },
        {
          "@id": "bnl (brookhaven national laboratory, upton, ny 11973, usa)"
        },
        {
          "@id": "lanl (los alamos national laboratory, los alamos, nm 87545, usa)"
        },
        {
          "@id": "lbnl (lawrence berkeley national laboratory, berkeley, ca 94720, usa)"
        },
        {
          "@id": "ornl (oak ridge national laboratory, oak ridge, tn 37831, usa)"
        },
        {
          "@id": "pnnl (pacific northwest national laboratory, richland, wa 99352, usa)"
        },
        {
          "@id": "snl (sandia national laboratories, albuquerque, nm 87185, usa)"
        }
      ]
    },
    "consortium:url": ""
  },
  {
    "@id": "mip-cmor-tables/consortia/dlr-bira",
    "@type": "consortium",
    "consortium:changes": "",
    "consortium:cmip_acronym": "DLR-BIRA",
    "consortium:description": "DLR-BIRA",
    "consortium:members": {
      "@set": [
        {
          "@id": "deutsches zentrum fur luft- und raumfahrt"
        },
        {
          "@id": "royal belgian institute for space aeronomy"
        }
      ]
    },
    "consortium:url": ""
  },
  {
    "@id": "mip-cmor-tables/consortia/pcmdi",
    "@type": "consortium",
    "consortium:changes": "",
    "consortium:cmip_acronym": "PCMDI",
    "consortium:description": "PCMDI",
    "consortium:members": {
      "@set": [
        {
          "@id": "program for climate model diagnosis and intercomparison"
        },
        {
          "@id": "lawrence livermore national laboratory, livermore, ca 94550, usa"
        }
      ]
    },
    "consortium:url": ""
  },
  {
    "@id": "mip-cmor-tables/consortia/csiro-arccss",
    "@type": "consortium",
    "consortium:changes": "",
    "consortium:cmip_acronym": "CSIRO-ARCCSS",
    "consortium:description": "CSIRO-ARCCSS",
    "consortium:members": {
      "@set": [
        {
          "@id": "mip-cmor-tables/institutions/csiro"
        },
        {
          "@id": "arccss (australian research council centre of excellence for climate system science)"
        }
      ]
    },
    "consortium:url": ""
  },
  {
    "@id": "mip-cmor-tables/consortia/iamc",
    "@type": "consortium",
    "consortium:changes": "",
    "consortium:cmip_acronym": "IAMC",
    "consortium:description": "Integrated Assessment Modeling Consortium",
    "consortium:members": {
      "@set": [
        {
          "@id": "integrated assessment modeling consortium"
        }
      ]
    },
    "consortium:url": ""
  },
  {
    "@id": "mip-cmor-tables/consortia/miroc",
    "@type": "consortium",
    "consortium:changes": "",
    "consortium:cmip_acronym": "MIROC",
    "consortium:description": "MIROC",
    "consortium:members": {
      "@set": [
        {
          "@id": "jamstec (japan agency for marine-earth science and technology, kanagawa 236-0001, japan)"
        },
        {
          "@id": "aori (atmosphere and ocean research institute, the university of tokyo, chiba 277-8564, japan)"
        },
        {
          "@id": "nies (national institute for environmental studies, ibaraki 305-8506, japan)"
        },
        {
          "@id": "r-ccs (riken center for computational science, hyogo 650-0047, japan)"
        }
      ]
    },
    "consortium:url": ""
  },
  {
    "@id": "mip-cmor-tables/consortia/hammoz-consortium",
    "@type": "consortium",
    "consortium:changes": "",
    "consortium:cmip_acronym": "HAMMOZ-Consortium",
    "consortium:description": "HAMMOZ-Consortium",
    "consortium:members": {
      "@set": [
        {
          "@id": "eth zurich, switzerland"
        },
        {
          "@id": "max planck institut fur meteorologie, germany"
        },
        {
          "@id": "forschungszentrum julich, germany"
        },
        {
          "@id": "university of oxford, uk"
        },
        {
          "@id": "finnish meteorological institute, finland"
        },
        {
          "@id": "leibniz institute for tropospheric research, germany"
        },
        {
          "@id": "center for climate systems modeling (c2sm) at eth zurich, switzerland"
        }
      ]
    },
    "consortium:url": ""
  },
  {
    "@id": "mip-cmor-tables/consortia/rte-rrtmgp-consortium",
    "@type": "consortium",
    "consortium:changes": "",
    "consortium:cmip_acronym": "RTE-RRTMGP-Consortium",
    "consortium:description": "RTE-RRTMGP-Consortium",
    "consortium:members": {
      "@set": [
        {
          "@id": "mip-cmor-tables/institutions/aer"
        },
        {
          "@id": "mip-cmor-tables/institutions/ucolorado"
        }
      ]
    },
    "consortium:url": ""
  },
  {
    "@id": "mip-cmor-tables/consortia/ucsd-sio",
    "@type": "consortium",
    "consortium:changes": "",
    "consortium:cmip_acronym": "UCSD-SIO",
    "consortium:description": "UCSD-SIO",
    "consortium:members": {
      "@set": [
        {
          "@id": "university of california, san diego"
        },
        {
          "@id": "scripps institution of oceanography"
        }
      ]
    },
    "consortium:url": ""
  },
  {
    "@id": "mip-cmor-tables/consortia/csiro-cosima",
    "@type": "consortium",
    "consortium:changes": "",
    "consortium:cmip_acronym": "CSIRO-COSIMA",
    "consortium:description": "CSIRO-COSIMA",
    "consortium:members": {
      "@set": [
        {
          "@id": "mip-cmor-tables/institutions/csiro"
        },
        {
          "@id": "cosima (consortium for ocean-sea ice modelling in australia)"
        }
      ]
    },
    "consortium:url": ""
  },
  {
    "@id": "mip-cmor-tables/consortia/rubisco",
    "@type": "consortium",
    "consortium:changes": "",
    "consortium:cmip_acronym": "RUBISCO",
    "consortium:description": "RUBISCO",
    "consortium:members": {
      "@set": [
        {
          "@id": "ornl (oak ridge national laboratory, oak ridge, tn 37831, usa)"
        },
        {
          "@id": "anl (argonne national laboratory, argonne, il 60439, usa)"
        },
        {
          "@id": "bnl (brookhaven national laboratory, upton, ny 11973, usa)"
        },
        {
          "@id": "lanl (los alamos national laboratory, los alamos, nm 87545)"
        },
        {
          "@id": "lbnl (lawrence berkeley national laboratory, berkeley, ca 94720, usa)"
        },
        {
          "@id": "nau (northern arizona university, flagstaff, az 86011, usa)"
        },
        {
          "@id": "mip-cmor-tables/institutions/ncar"
        },
        {
          "@id": "mip-cmor-tables/institutions/uci"
        },
        {
          "@id": "um (university of michigan, ann arbor, mi 48109, usa)"
        }
      ]
    },
    "consortium:url": ""
  },
  {
    "@id": "mip-cmor-tables/consortia/cnrm-cerfacs",
    "@type": "consortium",
    "consortium:changes": "",
    "consortium:cmip_acronym": "CNRM-Cerfacs",
    "consortium:description": "CNRM-Cerfacs",
    "consortium:members": {
      "@set": [
        {
          "@id": "cnrm (centre national de recherches meteorologiques, toulouse 31057, france), cerfacs (centre europeen de recherche et de formation avancee en calcul scientifique, toulouse 31100, france)"
        }
      ]
    },
    "consortium:url": ""
  }
]
