[
  {
    "location": {
      "lat": 42.539472,
      "lon": -71.256946
    },
    "name": "Atmospheric and Environmental Research"
  },
  {
    "location": {
      "lat": 25.040712,
      "lon": 121.614171
    },
    "name": "Research Center for Environmental Changes, Academia Sinica"
  },
  {
    "location": {
      "lat": 53.53615,
      "lon": 8.59298
    },
    "name": "Alfred Wegener Institute for Polar and Marine Research"
  },
  {
    "location": {
      "lat": 39.950128,
      "lon": 116.383679
    },
    "name": "Beijing Biocytogen (China)"
  },
  {
    "location": {
      "lat": 39.9075,
      "lon": 116.39723
    },
    "name": "Chinese Academy of Meteorological Sciences"
  },
  {
    "location": {
      "lat": 39.9075,
      "lon": 116.39723
    },
    "name": "Chinese Academy of Sciences"
  },
  {
    "location": {
      "lat": 45.425373,
      "lon": -75.699862
    },
    "name": "Environment and Climate Change Canada"
  },
  {
    "location": {
      "lat": 18.51957,
      "lon": 73.85535
    },
    "name": "Indian Institute of Tropical Meteorology"
  },
  {
    "location": {
      "lat": 53.41667,
      "lon": -0.96667
    },
    "name": "Centre for Environmental Data Analysis"
  },
  {
    "location": {
      "lat": 40.33942,
      "lon": 18.086602
    },
    "name": "Euro-Mediterranean Center for Climate Change"
  },
  {
    "location": {
      "lat": 48.85341,
      "lon": 2.3488
    },
    "name": "Centre National d'Études Spatiales"
  },
  {
    "location": {
      "lat": -35.28346,
      "lon": 149.12807
    },
    "name": "Commonwealth Scientific and Industrial Research Organisation"
  },
  {
    "location": {
      "lat": 53.55073,
      "lon": 9.99302
    },
    "name": "German Climate Computing Centre"
  },
  {
    "location": {
      "lat": 50.103322,
      "lon": 8.747606
    },
    "name": "German Meteorological Service"
  },
  {
    "location": {
      "lat": 51.45625,
      "lon": -0.97113
    },
    "name": "European Centre for Medium-Range Weather Forecasts"
  },
  {
    "location": {
      "lat": 17.528234,
      "lon": 78.400195
    },
    "name": "Indian National Centre for Ocean Information Services"
  },
  {
    "location": {
      "lat": 47.36667,
      "lon": 8.55
    },
    "name": "ETH Zurich"
  },
  {
    "location": {
      "lat": 51.4986,
      "lon": -0.175478
    },
    "name": "Imperial College London"
  },
  {
    "location": {
      "lat": 55.762997,
      "lon": 37.625605
    },
    "name": "Institute of Numerical Mathematics"
  },
  {
    "location": {
      "lat": 48.855675,
      "lon": 2.332105
    },
    "name": "Institut Pierre-Simon Laplace"
  },
  {
    "location": {
      "lat": 35.680834,
      "lon": 139.558269
    },
    "name": "Japan Aerospace Exploration Agency"
  },
  {
    "location": {
      "lat": 35.10168,
      "lon": 129.03004
    },
    "name": "Korea Institute of Ocean Science and Technology"
  },
  {
    "location": {
      "lat": 37.68187,
      "lon": -121.76801
    },
    "name": "Lawrence Livermore National Laboratory"
  },
  {
    "location": {
      "lat": 50.7236,
      "lon": -3.52751
    },
    "name": "Met Office Hadley Centre"
  },
  {
    "location": {
      "lat": 50.910556,
      "lon": 11.567222
    },
    "name": "Max Planck Institute for Biogeochemistry"
  },
  {
    "location": {
      "lat": 53.567794,
      "lon": 9.975468
    },
    "name": "Max Planck Institute for Meteorology"
  },
  {
    "location": {
      "lat": 35.6895,
      "lon": 139.69171
    },
    "name": "Japan Meteorological Agency"
  },
  {
    "location": {
      "lat": 40.71427,
      "lon": -74.00597
    },
    "name": "Goddard Institute for Space Studies"
  },
  {
    "location": {
      "lat": 39.00455,
      "lon": -76.87553
    },
    "name": "Goddard Space Flight Center"
  },
  {
    "location": {
      "lat": 34.19917,
      "lon": -118.18785
    },
    "name": "Jet Propulsion Laboratory"
  },
  {
    "location": {
      "lat": 37.02987,
      "lon": -76.34522
    },
    "name": "Langley Research Center"
  },
  {
    "location": {
      "lat": 40.01499,
      "lon": -105.27055
    },
    "name": "National Center for Atmospheric Research"
  },
  {
    "location": {
      "lat": 33.72148,
      "lon": 73.04329
    },
    "name": "Uks"
  },
  {
    "location": {
      "lat": 51.55797,
      "lon": -1.78116
    },
    "name": "Natural Environment Research Council"
  },
  {
    "location": {
      "lat": -36.84403,
      "lon": 174.76172
    },
    "name": "National Institute of Water and Atmospheric Research"
  },
  {
    "location": {
      "lat": 35.60095,
      "lon": -82.55402
    },
    "name": "NOAA National Centers for Environmental Information"
  },
  {
    "location": {
      "lat": 25.016,
      "lon": 121.536
    },
    "name": "National Taiwan University"
  },
  {
    "location": {
      "lat": 32.056111,
      "lon": 118.775
    },
    "name": "Nanjing University"
  },
  {
    "location": {
      "lat": 44.56457,
      "lon": -123.26204
    },
    "name": "Oregon State University"
  },
  {
    "location": {
      "lat": 37.68187,
      "lon": -121.76801
    },
    "name": "Lawrence Livermore National Laboratory"
  },
  {
    "location": {
      "lat": 38.971106,
      "lon": -76.9217851
    },
    "name": "Joint Global Change Research Institute"
  },
  {
    "location": {
      "lat": 46.28569,
      "lon": -119.28446
    },
    "name": "Pacific Northwest National Laboratory"
  },
  {
    "location": {
      "lat": 38.443733,
      "lon": -122.717185
    },
    "name": "Remote Sensing Systems (United States)"
  },
  {
    "location": {
      "lat": 37.460155,
      "lon": 126.951894
    },
    "name": "Seoul National University"
  },
  {
    "location": {
      "lat": 54.327138,
      "lon": 10.180141
    },
    "name": "GEOMAR Helmholtz Centre for Ocean Research Kiel"
  },
  {
    "location": {
      "lat": 39.999585,
      "lon": 116.325414
    },
    "name": "Tsinghua University"
  },
  {
    "location": {
      "lat": 32.22174,
      "lon": -110.92648
    },
    "name": "University of Arizona"
  },
  {
    "location": {
      "lat": 33.64535,
      "lon": -117.842642
    },
    "name": "University of California, Irvine"
  },
  {
    "location": {
      "lat": 40.01499,
      "lon": -105.27055
    },
    "name": "University of Colorado System"
  },
  {
    "location": {
      "lat": 34.42083,
      "lon": -119.69819
    },
    "name": "University of California, Santa Barbara"
  },
  {
    "location": {
      "lat": 53.55073,
      "lon": 9.99302
    },
    "name": "Universität Hamburg"
  },
  {
    "location": {
      "lat": 38.98067,
      "lon": -76.93692
    },
    "name": "University of Maryland, College Park"
  },
  {
    "location": {
      "lat": -37.814,
      "lon": 144.96332
    },
    "name": "University of Melbourne"
  },
  {
    "location": {
      "lat": 51.440832,
      "lon": -0.942503
    },
    "name": "University of Reading"
  },
  {
    "location": {
      "lat": 47.60621,
      "lon": -122.33207
    },
    "name": "University of Washington"
  },
  {
    "location": {
      "lat": 52.37403,
      "lon": 4.88969
    },
    "name": "Vrije Universiteit Amsterdam"
  }
]
